*Heading
 /Users/mukherjee/Dropbox/Teaching/ME676/Codes/Gmsh_files/Project_mesh/mesh6n
*NODE
1, -1, -0.5, 0
2, 1, -0.5, 0
3, 1, 0.5, 0
4, -1, 0.5, 0
5, 0, -0.15, 0
6, 0, 0.15, 0
7, -0.15, 0, 0
8, 0.15, 0, 0
9, -0.5, -0.4, 0
10, -0.5, -0.2, 0
11, -0.6, -0.3, 0
12, -0.4, -0.3, 0
13, 0.5, -0.4, 0
14, 0.5, -0.2, 0
15, 0.4, -0.3, 0
16, 0.6, -0.3, 0
17, -0.5, 0.2, 0
18, -0.5, 0.4, 0
19, -0.6, 0.3, 0
20, -0.4, 0.3, 0
21, 0.5, 0.2, 0
22, 0.5, 0.4, 0
23, 0.4, 0.3, 0
24, 0.6, 0.3, 0
25, -0.93103448275881, -0.5, 0
26, -0.86206896551762, -0.5, 0
27, -0.79310344827644, -0.5, 0
28, -0.72413793103525, -0.5, 0
29, -0.65517241379406, -0.5, 0
30, -0.58620689655287, -0.5, 0
31, -0.51724137931169, -0.5, 0
32, -0.4482758620705, -0.5, 0
33, -0.37931034482931, -0.5, 0
34, -0.31034482758812, -0.5, 0
35, -0.24137931034693, -0.5, 0
36, -0.17241379310575, -0.5, 0
37, -0.10344827586456, -0.5, 0
38, -0.034482758623371, -0.5, 0
39, 0.034482758618008, -0.5, 0
40, 0.10344827585958, -0.5, 0
41, 0.17241379310115, -0.5, 0
42, 0.24137931034272, -0.5, 0
43, 0.31034482758429, -0.5, 0
44, 0.37931034482586, -0.5, 0
45, 0.44827586206743, -0.5, 0
46, 0.517241379309, -0.5, 0
47, 0.58620689655057, -0.5, 0
48, 0.65517241379215, -0.5, 0
49, 0.72413793103372, -0.5, 0
50, 0.79310344827529, -0.5, 0
51, 0.86206896551686, -0.5, 0
52, 0.93103448275843, -0.5, 0
53, -0.9655172413794, -0.5, 0
54, -0.8965517241382, -0.5, 0
55, -0.82758620689702, -0.5, 0
56, -0.75862068965583, -0.5, 0
57, -0.68965517241466, -0.5, 0
58, -0.62068965517347, -0.5, 0
59, -0.55172413793228, -0.5, 0
60, -0.48275862069109, -0.5, 0
61, -0.4137931034499, -0.5, 0
62, -0.34482758620872, -0.5, 0
63, -0.27586206896753, -0.5, 0
64, -0.20689655172634, -0.5, 0
65, -0.13793103448515, -0.5, 0
66, -0.068965517243965, -0.5, 0
67, -2.7773339184023e-12, -0.5, 0
68, 0.068965517238793, -0.5, 0
69, 0.13793103448036, -0.5, 0
70, 0.20689655172193, -0.5, 0
71, 0.27586206896351, -0.5, 0
72, 0.34482758620508, -0.5, 0
73, 0.41379310344665, -0.5, 0
74, 0.48275862068822, -0.5, 0
75, 0.55172413792979, -0.5, 0
76, 0.62068965517136, -0.5, 0
77, 0.68965517241293, -0.5, 0
78, 0.7586206896545, -0.5, 0
79, 0.82758620689607, -0.5, 0
80, 0.89655172413764, -0.5, 0
81, 0.96551724137921, -0.5, 0
82, 1, -0.43333333333352, 0
83, 1, -0.36666666666704, 0
84, 1, -0.30000000000056, 0
85, 1, -0.23333333333407, 0
86, 1, -0.16666666666759, 0
87, 1, -0.10000000000111, 0
88, 1, -0.033333333334629, 0
89, 1, 0.033333333332037, 0
90, 1, 0.099999999998889, 0
91, 1, 0.16666666666574, 0
92, 1, 0.23333333333259, 0
93, 1, 0.29999999999944, 0
94, 1, 0.3666666666663, 0
95, 1, 0.43333333333315, 0
96, 1, -0.46666666666674, 0
97, 1, -0.40000000000028, 0
98, 1, -0.3333333333338, 0
99, 1, -0.26666666666731, 0
100, 1, -0.20000000000083, 0
101, 1, -0.13333333333435, 0
102, 1, -0.06666666666787, 0
103, 1, -1.3886114480499e-12, 0
104, 1, 0.066666666665463, 0
105, 1, 0.13333333333231, 0
106, 1, 0.19999999999917, 0
107, 1, 0.26666666666602, 0
108, 1, 0.33333333333287, 0
109, 1, 0.39999999999972, 0
110, 1, 0.46666666666657, 0
111, 0.93103448275881, 0.5, 0
112, 0.86206896551762, 0.5, 0
113, 0.79310344827644, 0.5, 0
114, 0.72413793103525, 0.5, 0
115, 0.65517241379406, 0.5, 0
116, 0.58620689655287, 0.5, 0
117, 0.51724137931169, 0.5, 0
118, 0.4482758620705, 0.5, 0
119, 0.37931034482931, 0.5, 0
120, 0.31034482758812, 0.5, 0
121, 0.24137931034693, 0.5, 0
122, 0.17241379310575, 0.5, 0
123, 0.10344827586456, 0.5, 0
124, 0.034482758623371, 0.5, 0
125, -0.034482758618008, 0.5, 0
126, -0.10344827585958, 0.5, 0
127, -0.17241379310115, 0.5, 0
128, -0.24137931034272, 0.5, 0
129, -0.31034482758429, 0.5, 0
130, -0.37931034482586, 0.5, 0
131, -0.44827586206743, 0.5, 0
132, -0.517241379309, 0.5, 0
133, -0.58620689655057, 0.5, 0
134, -0.65517241379215, 0.5, 0
135, -0.72413793103372, 0.5, 0
136, -0.79310344827529, 0.5, 0
137, -0.86206896551686, 0.5, 0
138, -0.93103448275843, 0.5, 0
139, 0.9655172413794, 0.5, 0
140, 0.8965517241382, 0.5, 0
141, 0.82758620689702, 0.5, 0
142, 0.75862068965583, 0.5, 0
143, 0.68965517241466, 0.5, 0
144, 0.62068965517347, 0.5, 0
145, 0.55172413793228, 0.5, 0
146, 0.48275862069109, 0.5, 0
147, 0.4137931034499, 0.5, 0
148, 0.34482758620872, 0.5, 0
149, 0.27586206896753, 0.5, 0
150, 0.20689655172634, 0.5, 0
151, 0.13793103448515, 0.5, 0
152, 0.068965517243965, 0.5, 0
153, 2.7773339184023e-12, 0.5, 0
154, -0.068965517238793, 0.5, 0
155, -0.13793103448036, 0.5, 0
156, -0.20689655172193, 0.5, 0
157, -0.27586206896351, 0.5, 0
158, -0.34482758620508, 0.5, 0
159, -0.41379310344665, 0.5, 0
160, -0.48275862068822, 0.5, 0
161, -0.55172413792979, 0.5, 0
162, -0.62068965517136, 0.5, 0
163, -0.68965517241293, 0.5, 0
164, -0.7586206896545, 0.5, 0
165, -0.82758620689607, 0.5, 0
166, -0.89655172413764, 0.5, 0
167, -0.96551724137921, 0.5, 0
168, -1, 0.43333333333352, 0
169, -1, 0.36666666666704, 0
170, -1, 0.30000000000056, 0
171, -1, 0.23333333333407, 0
172, -1, 0.16666666666759, 0
173, -1, 0.10000000000111, 0
174, -1, 0.033333333334629, 0
175, -1, -0.033333333332037, 0
176, -1, -0.099999999998889, 0
177, -1, -0.16666666666574, 0
178, -1, -0.23333333333259, 0
179, -1, -0.29999999999944, 0
180, -1, -0.3666666666663, 0
181, -1, -0.43333333333315, 0
182, -1, 0.46666666666674, 0
183, -1, 0.40000000000028, 0
184, -1, 0.3333333333338, 0
185, -1, 0.26666666666731, 0
186, -1, 0.20000000000083, 0
187, -1, 0.13333333333435, 0
188, -1, 0.06666666666787, 0
189, -1, 1.3886114480499e-12, 0
190, -1, -0.066666666665463, 0
191, -1, -0.13333333333231, 0
192, -1, -0.19999999999917, 0
193, -1, -0.26666666666602, 0
194, -1, -0.33333333333287, 0
195, -1, -0.39999999999972, 0
196, -1, -0.46666666666657, 0
197, -0.057402515009158, -0.13858192981274, 0
198, -0.1060660174206, -0.10606601693536, 0
199, -0.13858192994987, -0.057402514678105, 0
200, -0.029263548382173, -0.14711779204462, 0
201, -0.08333553517351, -0.124720441698, 0
202, -0.12472044198088, -0.083335534750159, 0
203, -0.14711779207841, -0.02926354821228, 0
204, -0.13858192981274, 0.057402515009158, 0
205, -0.10606601693536, 0.1060660174206, 0
206, -0.057402514678105, 0.13858192994987, 0
207, -0.14711779204462, 0.029263548382173, 0
208, -0.124720441698, 0.08333553517351, 0
209, -0.083335534750159, 0.12472044198088, 0
210, -0.02926354821228, 0.14711779207841, 0
211, 0.057402515009158, 0.13858192981274, 0
212, 0.1060660174206, 0.10606601693536, 0
213, 0.13858192994987, 0.057402514678105, 0
214, 0.029263548382173, 0.14711779204462, 0
215, 0.08333553517351, 0.124720441698, 0
216, 0.12472044198088, 0.083335534750159, 0
217, 0.14711779207841, 0.02926354821228, 0
218, 0.13858192981274, -0.057402515009158, 0
219, 0.10606601693536, -0.1060660174206, 0
220, 0.057402514678105, -0.13858192994987, 0
221, 0.14711779204462, -0.029263548382173, 0
222, 0.124720441698, -0.08333553517351, 0
223, 0.083335534750159, -0.12472044198088, 0
224, 0.02926354821228, -0.14711779207841, 0
225, -0.55000000002424, -0.38660254036445, 0
226, -0.58660254044845, -0.34999999987874, 0
227, -0.52588190440565, -0.39659258265694, 0
228, -0.57071067828774, -0.37071067794956, 0
229, -0.59659258265494, -0.32588190441309, 0
230, -0.58660254032805, -0.24999999991272, 0
231, -0.54999999986201, -0.21339745954189, 0
232, -0.59659258258912, -0.27411809534125, 0
233, -0.57071067799741, -0.2292893217601, 0
234, -0.5258819044468, -0.20340741735409, 0
235, -0.449999999897, -0.21339745968103, 0
236, -0.41339745954468, -0.25000000013315, 0
237, -0.47411809550018, -0.2034074173683, 0
238, -0.42928932174923, -0.22928932201346, 0
239, -0.40340741733118, -0.27411809563869, 0
240, -0.41339745965155, -0.35000000005195, 0
241, -0.45000000010516, -0.38660254043916, 0
242, -0.40340741738989, -0.32588190458041, 0
243, -0.42928932202157, -0.37071067825888, 0
244, -0.47411809560064, -0.39659258265862, 0
245, 0.44999999993912, -0.3866025403433, 0
246, 0.41339745955504, -0.3499999998848, 0
247, 0.47411809538246, -0.39659258260016, 0
248, 0.4292893216699, -0.37071067790721, 0
249, 0.40340741734875, -0.32588190442687, 0
250, 0.41339745965838, -0.24999999993621, 0
251, 0.45000000011141, -0.21339745955723, 0
252, 0.40340741738558, -0.27411809543567, 0
253, 0.4292893219722, -0.22928932179049, 0
254, 0.4741180955749, -0.20340741734828, 0
255, 0.55000000009449, -0.21339745967611, 0
256, 0.5866025404358, -0.25000000009934, 0
257, 0.52588190464344, -0.20340741740678, 0
258, 0.570710678229, -0.22928932199169, 0
259, 0.59659258265278, -0.27411809557883, 0
260, 0.58660254033488, -0.35000000007545, 0
261, 0.54999999986826, -0.3866025404545, 0
262, 0.59659258261477, -0.325881904563, 0
263, 0.57071067798914, -0.37071067824817, 0
264, 0.52588190449053, -0.39659258263419, 0
265, -0.55000000009449, 0.21339745967611, 0
266, -0.5866025404358, 0.25000000009934, 0
267, -0.52588190464344, 0.20340741740678, 0
268, -0.570710678229, 0.22928932199169, 0
269, -0.59659258265278, 0.27411809557883, 0
270, -0.58660254033488, 0.35000000007545, 0
271, -0.54999999986826, 0.3866025404545, 0
272, -0.59659258261477, 0.325881904563, 0
273, -0.57071067798914, 0.37071067824817, 0
274, -0.52588190449053, 0.39659258263419, 0
275, -0.44999999993912, 0.3866025403433, 0
276, -0.41339745955504, 0.3499999998848, 0
277, -0.47411809538246, 0.39659258260016, 0
278, -0.4292893216699, 0.37071067790721, 0
279, -0.40340741734875, 0.32588190442687, 0
280, -0.41339745965838, 0.24999999993621, 0
281, -0.45000000011141, 0.21339745955723, 0
282, -0.40340741738558, 0.27411809543567, 0
283, -0.4292893219722, 0.22928932179049, 0
284, -0.4741180955749, 0.20340741734828, 0
285, 0.449999999897, 0.21339745968103, 0
286, 0.41339745954468, 0.25000000013315, 0
287, 0.47411809550018, 0.2034074173683, 0
288, 0.42928932174923, 0.22928932201346, 0
289, 0.40340741733118, 0.27411809563869, 0
290, 0.41339745965155, 0.35000000005195, 0
291, 0.45000000010516, 0.38660254043916, 0
292, 0.40340741738989, 0.32588190458041, 0
293, 0.42928932202157, 0.37071067825888, 0
294, 0.47411809560064, 0.39659258265862, 0
295, 0.55000000002424, 0.38660254036445, 0
296, 0.58660254044845, 0.34999999987874, 0
297, 0.52588190440565, 0.39659258265694, 0
298, 0.57071067828774, 0.37071067794956, 0
299, 0.59659258265494, 0.32588190441309, 0
300, 0.58660254032805, 0.24999999991272, 0
301, 0.54999999986201, 0.21339745954189, 0
302, 0.59659258258912, 0.27411809534125, 0
303, 0.57071067799741, 0.2292893217601, 0
304, 0.5258819044468, 0.20340741735409, 0
305, 0.94585623075057, 0.0023961926227326, 0
306, -0.94585623075057, -0.0023961926227326, 0
307, -0.53279764664524, -0.16371179883299, 0
308, 0.53279764664524, 0.16371179883299, 0
309, 0.59292771718351, -0.19182578205013, 0
310, -0.59292771718351, 0.19182578205013, 0
311, 0.46382494651519, -0.16348340365267, 0
312, -0.46382494651519, 0.16348340365267, 0
313, 0.63456833697026, 0.25197748714848, 0
314, -0.63456833697026, -0.25197748714848, 0
315, 0.10989387207504, -0.16446780286326, 0
316, -0.10989387207504, 0.16446780286326, 0
317, -0.11252450962681, -0.16302471091371, 0
318, 0.11252450962681, 0.16302471091371, 0
319, -0.19327235560655, -0.038197679852826, 0
320, 0.19327235560655, 0.038197679852826, 0
321, 0.94854578288334, -0.2630273973062, 0
322, -0.94854578288334, 0.2630273973062, 0
323, 0.94283245347545, 0.19924411234499, 0
324, -0.94283245347545, -0.19924411234499, 0
325, 0.36339745967577, -0.26339745958216, 0
326, -0.36339745967577, 0.26339745958216, 0
327, -0.36133371429682, -0.26466090868958, 0
328, 0.36133371429682, 0.26466090868958, 0
329, 0.0016889832621965, -0.44608813346319, 0
330, -0.0016889832621965, 0.44608813346319, 0
331, -0.20664941815006, -0.44905061405744, 0
332, 0.20664941815006, 0.44905061405744, 0
333, 0.21517976862802, -0.43626456870481, 0
334, -0.21517976862802, 0.43626456870481, 0
335, 0.9422649730812, -0.13333333333435, 0
336, -0.9422649730812, 0.13333333333435, 0
337, 0.75597473521039, -0.43480305279251, 0
338, -0.75597473521039, 0.43480305279251, 0
339, -0.82399391388824, -0.44513235010263, 0
340, 0.82399391388824, 0.44513235010263, 0
341, 0.63660254033153, -0.33660254042965, 0
342, -0.63660254033153, 0.33660254042965, 0
343, 0.51297354931374, -0.14773582321081, 0
344, 0.47677147430038, -0.11284567474963, 0
345, 0.52698501557133, -0.099316991979009, 0
346, 0.42607499692491, -0.1297596263012, 0
347, 0.43975852050798, -0.076666922525681, 0
348, 0.38931749058641, -0.090081920005449, 0
349, 0.40261090123409, -0.039143966340728, 0
350, 0.45336250304142, -0.025519019061946, 0
351, 0.41629787137336, 0.011808640599099, 0
352, 0.35118724541207, -0.052841980305645, 0
353, 0.3377302939058, -0.10483534265929, 0
354, 0.46953887912208, 0.026095456797856, 0
355, 0.42777440198601, 0.059509996171953, 0
356, 0.37870623040464, 0.04874363733677, 0
357, -0.51297354931374, 0.14773582321081, 0
358, -0.47677147430038, 0.11284567474963, 0
359, -0.52698501557133, 0.099316991979009, 0
360, -0.42607499692491, 0.1297596263012, 0
361, -0.43975852050798, 0.076666922525681, 0
362, -0.38931749058641, 0.090081920005449, 0
363, -0.40261090123409, 0.039143966340728, 0
364, -0.45336250304142, 0.025519019061946, 0
365, -0.41629787137336, -0.011808640599099, 0
366, -0.35118724541207, 0.052841980305645, 0
367, -0.3377302939058, 0.10483534265929, 0
368, -0.46953887912208, -0.026095456797856, 0
369, -0.42777440198601, -0.059509996171953, 0
370, -0.37870623040464, -0.04874363733677, 0
371, 0.59999999983478, 0.19999999990511, 0
372, 0.59679580310834, 0.14623924317213, 0
373, 0.65857389611936, 0.20690557587458, 0
374, 0.6916419442323, 0.25161166026281, 0
375, 0.71405756854491, 0.20108526114745, 0
376, 0.74802580352802, 0.24761410786727, 0
377, 0.77099256953354, 0.19512430910574, 0
378, 0.7363630232003, 0.14866057653516, 0
379, 0.79274896917859, 0.14118918320743, 0
380, 0.76171936517767, 0.096181051505613, 0
381, 0.72499486925201, 0.30010738416387, 0
382, -0.59999999983478, -0.19999999990511, 0
383, -0.59679580310834, -0.14623924317213, 0
384, -0.65857389611936, -0.20690557587458, 0
385, -0.6916419442323, -0.25161166026281, 0
386, -0.71405756854491, -0.20108526114745, 0
387, -0.74802580352802, -0.24761410786727, 0
388, -0.77099256953354, -0.19512430910574, 0
389, -0.7363630232003, -0.14866057653516, 0
390, -0.79274896917859, -0.14118918320743, 0
391, -0.76171936517767, -0.096181051505613, 0
392, -0.72499486925201, -0.30010738416387, 0
393, 0.36339745968807, -0.33660254026324, 0
394, 0.31392983739786, -0.30103516459119, 0
395, 0.31262706416333, -0.23647741068046, 0
396, 0.26515799992071, -0.27576972533963, 0
397, 0.26015839617045, -0.22210151396973, 0
398, -0.36339745968807, 0.33660254026324, 0
399, -0.31392983739786, 0.30103516459119, 0
400, -0.31262706416333, 0.23647741068046, 0
401, -0.26515799992071, 0.27576972533963, 0
402, -0.26015839617045, 0.22210151396973, 0
403, -0.34940064473662, -0.31665531428685, 0
404, -0.31046911727128, -0.27445283204785, 0
405, -0.32252375543693, -0.22748562365369, 0
406, -0.27266169079185, -0.23771113828186, 0
407, -0.28627594734846, -0.18511402430101, 0
408, 0.34940064473662, 0.31665531428685, 0
409, 0.31046911727128, 0.27445283204785, 0
410, 0.32252375543693, 0.22748562365369, 0
411, 0.27266169079185, 0.23771113828186, 0
412, 0.28627594734846, 0.18511402430101, 0
413, -0.7835105115525, -0.29531172260381, 0
414, 0.7835105115525, 0.29531172260381, 0
415, 0.21480577796751, -0.25524420609897, 0
416, -0.21480577796751, 0.25524420609897, 0
417, 0.63797687806018, -0.2368106180209, 0
418, 0.65088324555894, -0.18353295128857, 0
419, 0.68994523991744, -0.22627648633489, 0
420, 0.70460460585595, -0.17041355058972, 0
421, 0.66484644585619, -0.13123734705717, 0
422, 0.71882209296786, -0.11604210896535, 0
423, 0.67945231094637, -0.07674851151875, 0
424, 0.74469020052074, -0.21015444139733, 0
425, 0.73328439254443, -0.06115128597543, 0
426, -0.63797687806018, 0.2368106180209, 0
427, -0.65088324555894, 0.18353295128857, 0
428, -0.68994523991744, 0.22627648633489, 0
429, -0.70460460585595, 0.17041355058972, 0
430, -0.66484644585619, 0.13123734705717, 0
431, -0.71882209296786, 0.11604210896535, 0
432, -0.67945231094637, 0.07674851151875, 0
433, -0.74469020052074, 0.21015444139733, 0
434, -0.73328439254443, 0.06115128597543, 0
435, 0.72924082338675, -0.26465951414273, 0
436, -0.72924082338675, 0.26465951414273, 0
437, -0.29530404462075, 0.064478820325978, 0
438, 0.29530404462075, -0.064478820325978, 0
439, 0.77421612835756, -0.10060454452158, 0
440, -0.77421612835756, 0.10060454452158, 0
441, -0.25751186310841, -0.28815079688902, 0
442, 0.25751186310841, 0.28815079688902, 0
443, 0.78956765300499, -0.047086817026286, 0
444, -0.78956765300499, 0.047086817026286, 0
445, 0.69259455026302, -0.021858722833008, 0
446, -0.69259455026302, 0.021858722833008, 0
447, 0.63829970586493, -0.037128816573815, 0
448, -0.63829970586493, 0.037128816573815, 0
449, 0.39590552538308, 0.1036236343304, 0
450, -0.39590552538308, -0.1036236343304, 0
451, 0.7855485899966, -0.2507339513912, 0
452, -0.7855485899966, 0.2507339513912, 0
453, 0.94480351760051, 0.33334291118358, 0
454, -0.94480351760051, -0.33334291118358, 0
455, 0.65246148378834, 0.015995766136797, 0
456, -0.65246148378834, -0.015995766136797, 0
457, 0.21825357872585, 0.25053080336665, 0
458, 0.20371155857704, 0.30611309120487, 0
459, -0.21825357872585, -0.25053080336665, 0
460, -0.20371155857704, -0.30611309120487, 0
461, 0.59956527568269, 0.0046236487636293, 0
462, -0.59956527568269, -0.0046236487636293, 0
463, 0.81673076555745, 0.090950962754381, 0
464, -0.81673076555745, -0.090950962754381, 0
465, 0.34255296843677, 0.088078548057648, 0
466, -0.34255296843677, -0.088078548057648, 0
467, -0.35461119272354, -0.37580484730203, 0
468, 0.35461119272354, 0.37580484730203, 0
469, 0.31734877892174, -0.35916135770837, 0
470, -0.31734877892174, 0.35916135770837, 0
471, -0.69270686958358, -0.44532333025113, 0
472, 0.69270686958358, 0.44532333025113, 0
473, -0.16266735338787, -0.26516506215922, 0
474, -0.14676048657789, -0.32239060430376, 0
475, -0.1056218500138, -0.27986376300697, 0
476, 0.16266735338787, 0.26516506215922, 0
477, 0.14676048657789, 0.32239060430376, 0
478, 0.1056218500138, 0.27986376300697, 0
479, 0.8951047406092, -0.43666295665025, 0
480, -0.8951047406092, 0.43666295665025, 0
481, -0.15813025694594, -0.13197988463207, 0
482, 0.15813025694594, 0.13197988463207, 0
483, 0.77163499926544, -0.30622212125171, 0
484, -0.77163499926544, 0.30622212125171, 0
485, -0.16406030587394, 0.10951361652966, 0
486, 0.16406030587394, -0.10951361652966, 0
487, 0.06141968466343, -0.196599822896, 0
488, 8.6807853839226e-05, -0.21366180563945, 0
489, 0.049879722554004, -0.25683485388532, 0
490, -0.06141968466343, 0.196599822896, 0
491, -8.680785383924e-05, 0.21366180563945, 0
492, -0.049879722554004, 0.25683485388532, 0
493, 0.21985497411735, -0.31121553002467, 0
494, 0.17142746571541, -0.28862493585139, 0
495, -0.21985497411735, 0.31121553002467, 0
496, -0.17142746571541, 0.28862493585139, 0
497, 0.36947575758735, -0.21236565854095, 0
498, -0.36947575758735, 0.21236565854095, 0
499, -0.089878181809535, -0.33923421360142, 0
500, 0.089878181809535, 0.33923421360142, 0
501, 0.31626378037799, -0.013852223647852, 0
502, -0.31626378037799, 0.013852223647852, 0
503, 0.48646683059406, 0.14778168446663, 0
504, 0.5232291835595, 0.11330750646135, 0
505, -0.48646683059406, -0.14778168446663, 0
506, -0.5232291835595, -0.11330750646135, 0
507, 0.28638005564128, -0.11549048479912, 0
508, -0.28638005564128, 0.11549048479912, 0
509, 0.79959444862145, -0.19500399969438, 0
510, -0.79959444862145, 0.19500399969438, 0
511, 0.82802297475745, -0.29316024317725, 0
512, -0.82802297475745, 0.29316024317725, 0
513, 0.83144602257672, -0.086058001640259, 0
514, -0.83144602257672, 0.086058001640259, 0
515, -0.19373021949562, 0.038573253461137, 0
516, 0.19373021949562, -0.038573253461137, 0
517, 0.60922037648949, -0.39323844277095, 0
518, -0.60922037648949, 0.39323844277095, 0
519, 0.66103348291833, -0.392545959893, 0
520, -0.66103348291833, 0.392545959893, 0
521, 0.70533057121928, 0.095103900263785, 0
522, -0.70533057121928, -0.095103900263785, 0
523, 0.37755915686182, -0.3904918911839, 0
524, -0.37755915686182, 0.3904918911839, 0
525, 0.83077201701609, 0.18410647437979, 0
526, -0.83077201701609, -0.18410647437979, 0
527, -0.75849214455948, -0.34849529158033, 0
528, 0.75849214455948, 0.34849529158033, 0
529, 0.50410974494668, -0.015350607094554, 0
530, -0.50410974494668, 0.015350607094554, 0
531, -0.63597187377171, -0.3411525578606, 0
532, 0.63597187377171, 0.3411525578606, 0
533, 0.8114660060465, -0.34985999967146, 0
534, 0.86990813564709, -0.3368937047369, 0
535, -0.8114660060465, 0.34985999967146, 0
536, -0.86990813564709, 0.3368937047369, 0
537, 0.21081869358724, -0.1963251535079, 0
538, -0.21081869358724, 0.1963251535079, 0
539, 0.40236155114508, 0.19915542328019, 0
540, -0.40236155114508, -0.19915542328019, 0
541, -0.81903981055947, -0.34616172520848, 0
542, -0.84621351577201, -0.29731382770581, 0
543, 0.81903981055947, 0.34616172520848, 0
544, 0.84621351577201, 0.29731382770581, 0
545, -0.24851504511747, -0.33651545216012, 0
546, 0.24851504511747, 0.33651545216012, 0
547, 0.17309852558765, -0.34672500369406, 0
548, 0.11983730050126, -0.32014790909072, 0
549, 0.12495158777328, -0.38525633006926, 0
550, 0.075898513952883, -0.35870599938326, 0
551, -0.17309852558765, 0.34672500369406, 0
552, -0.11983730050126, 0.32014790909072, 0
553, -0.12495158777328, 0.38525633006926, 0
554, -0.075898513952883, 0.35870599938326, 0
555, -0.60366060740591, -0.39655372656307, 0
556, 0.60366060740591, 0.39655372656307, 0
557, 0.61625271881457, 0.054791347081373, 0
558, -0.61625271881457, -0.054791347081373, 0
559, 0.84761821683502, -0.021787101395823, 0
560, -0.84761821683502, 0.021787101395823, 0
561, -0.0098641046966708, -0.27782956919772, 0
562, 0.0098641046966708, 0.27782956919772, 0
563, 0.55991482816814, 0.039899637573521, 0
564, -0.55991482816814, -0.039899637573521, 0
565, -0.13201800924478, -0.38212878009471, 0
566, 0.13201800924478, 0.38212878009471, 0
567, -0.35441581877096, -0.13034366938663, 0
568, 0.35441581877096, 0.13034366938663, 0
569, 0.32922408640331, -0.1880305408601, 0
570, -0.32922408640331, 0.1880305408601, 0
571, 0.56383532879309, -0.13672048259022, 0
572, -0.56383532879309, 0.13672048259022, 0
573, 0.11193164045147, -0.22150960421414, 0
574, -0.11193164045147, 0.22150960421414, 0
575, 0.69252948779866, -0.34845523386285, 0
576, -0.69252948779866, 0.34845523386285, 0
577, 0.78147822672158, 0.040493674763025, 0
578, -0.78147822672158, -0.040493674763025, 0
579, 0.5772939550454, -0.089218513413319, 0
580, -0.5772939550454, 0.089218513413319, 0
581, 0.18180187401364, 0.21128027435835, 0
582, -0.18180187401364, -0.21128027435835, 0
583, 0.31866023329725, -0.42294751999676, 0
584, -0.31866023329725, 0.42294751999676, 0
585, -0.24041687954828, -0.0011856200390455, 0
586, -0.2454461285639, -0.056368601864661, 0
587, 0.24041687954828, 0.0011856200390455, 0
588, 0.2454461285639, 0.056368601864661, 0
589, 0.89000476928991, -0.072698662503723, 0
590, -0.89000476928991, 0.072698662503723, 0
591, 0.70097703928321, 0.034105126850218, 0
592, -0.70097703928321, -0.034105126850218, 0
593, -0.22209597210887, 0.092170009191457, 0
594, 0.22209597210887, -0.092170009191457, 0
595, 0.37000452241117, -0.15203027521815, 0
596, -0.37000452241117, 0.15203027521815, 0
597, -0.075806702761956, -0.39755264536404, 0
598, -0.02802508666536, -0.34612596394939, 0
599, 0.075806702761956, 0.39755264536404, 0
600, 0.02802508666536, 0.34612596394939, 0
601, 0.41619121615159, -0.44314456368991, 0
602, -0.41619121615159, 0.44314456368991, 0
603, 0.073929330041069, -0.42852523976719, 0
604, -0.073929330041069, 0.42852523976719, 0
605, 0.30294990881178, 0.12804532858618, 0
606, -0.30294990881178, -0.12804532858618, 0
607, 0.22122174959637, -0.3692096027356, 0
608, -0.22122174959637, 0.3692096027356, 0
609, 0.060062312237288, 0.23969378086945, 0
610, -0.060062312237288, -0.23969378086945, 0
611, -0.34916025572414, -0.43658745150467, 0
612, -0.40639810935066, -0.45202869914097, 0
613, 0.34916025572414, 0.43658745150467, 0
614, 0.40639810935066, 0.45202869914097, 0
615, 0.8725681459868, -0.13275366502019, 0
616, 0.89842930289823, -0.18602415099488, 0
617, -0.8725681459868, 0.13275366502019, 0
618, -0.89842930289823, 0.18602415099488, 0
619, 0.67777062512688, -0.28584707255378, 0
620, -0.67777062512688, 0.28584707255378, 0
621, 0.69605838742538, 0.34567303181304, 0
622, -0.69605838742538, -0.34567303181304, 0
623, -0.27632209210113, -0.44797182221665, 0
624, 0.27632209210113, 0.44797182221665, 0
625, -0.47390764504672, -0.10083957480407, 0
626, -0.43728983848917, -0.13498526869682, 0
627, 0.47390764504672, 0.10083957480407, 0
628, 0.43728983848917, 0.13498526869682, 0
629, 0.53724643161196, -0.44790806771444, 0
630, -0.53724643161196, 0.44790806771444, 0
631, 0.53698859832246, 0.44746148719892, 0
632, -0.53698859832246, -0.44746148719892, 0
633, -0.21019825364295, -0.10283178537184, 0
634, 0.21019825364295, 0.10283178537184, 0
635, 0.82516873153075, -0.4437371020277, 0
636, -0.82516873153075, 0.4437371020277, 0
637, 0.50986261159384, 0.062880615516051, 0
638, -0.50986261159384, -0.062880615516051, 0
639, 0.30639931293619, 0.35012774839006, 0
640, -0.30639931293619, -0.35012774839006, 0
641, -0.75987516736643, -0.44682161910081, 0
642, 0.75987516736643, 0.44682161910081, 0
643, 0.94540874166612, 0.26663319506766, 0
644, 0.87918079941668, 0.23576680825233, 0
645, -0.94540874166612, -0.26663319506766, 0
646, -0.87918079941668, -0.23576680825233, 0
647, 0.68233885014566, 0.15517707042234, 0
648, 0.63935927499485, 0.11097355022628, 0
649, -0.68233885014566, -0.15517707042234, 0
650, -0.63935927499485, -0.11097355022628, 0
651, 0.93723769649213, -0.33174870800719, 0
652, -0.93723769649213, 0.33174870800719, 0
653, 0.94296767384308, 0.13212333765603, 0
654, 0.94361051751892, 0.066697686563272, 0
655, 0.89226685892035, 0.027199441385011, 0
656, 0.8799220390501, 0.092529279073719, 0
657, -0.94296767384308, -0.13212333765603, 0
658, -0.94361051751892, -0.066697686563272, 0
659, -0.89226685892035, -0.027199441385011, 0
660, -0.8799220390501, -0.092529279073719, 0
661, 0.75165699263627, -0.366373825207, 0
662, -0.75165699263627, 0.366373825207, 0
663, 0.94255154702185, 0.39950363937384, 0
664, 0.8852243901867, 0.3666661413504, 0
665, -0.94255154702185, -0.39950363937384, 0
666, -0.8852243901867, -0.3666661413504, 0
667, 0.88661624033721, 0.16254374811637, 0
668, -0.88661624033721, -0.16254374811637, 0
669, 0.12222968173461, 0.22207887834449, 0
670, -0.12222968173461, -0.22207887834449, 0
671, 0.57156548993611, 0.09422885798048, 0
672, -0.57156548993611, -0.09422885798048, 0
673, 0.25902017708751, -0.16193496470593, 0
674, -0.25902017708751, 0.16193496470593, 0
675, 0.49025219928372, -0.063213497779827, 0
676, -0.49025219928372, 0.063213497779827, 0
677, -0.36558447218748, 0.001574441143472, 0
678, 0.36558447218748, -0.0015744411434719, 0
679, 0.53884970203003, -0.052198172525043, 0
680, -0.53884970203003, 0.052198172525043, 0
681, 0.23542979617521, 0.19767919632113, 0
682, 0.24907965670817, 0.145308611506, 0
683, -0.23542979617521, -0.19767919632113, 0
684, -0.24907965670817, -0.145308611506, 0
685, 0.74934784214108, -4.3890939275854e-06, 0
686, -0.74934784214108, 4.3890939275854e-06, 0
687, 0.75943851011673, -0.15532734030293, 0
688, -0.75943851011673, 0.15532734030293, 0
689, 0.69034813073559, -0.44413483474843, 0
690, -0.69034813073559, 0.44413483474843, 0
691, 0.8505950805976, -0.23062794030501, 0
692, -0.8505950805976, 0.23062794030501, 0
693, 0.031395034680926, -0.31267752888068, 0
694, -0.031395034680926, 0.31267752888068, 0
695, -0.3299527809491, -0.037377002356233, 0
696, 0.3299527809491, 0.037377002356233, 0
697, -0.19078062659589, -0.35907125111373, 0
698, 0.19078062659589, 0.35907125111373, 0
699, -0.89125756404365, -0.43654222666213, 0
700, 0.89125756404365, 0.43654222666213, 0
701, 0.80978253613647, 0.24253954165246, 0
702, -0.80978253613647, -0.24253954165246, 0
703, 0.61371081647552, -0.1404438782396, 0
704, -0.61371081647552, 0.1404438782396, 0
705, 0.94694760112301, -0.39926309452318, 0
706, -0.94694760112301, 0.39926309452318, 0
707, 0.16405629146112, -0.16811696102527, 0
708, -0.16405629146112, 0.16811696102527, 0
709, -0.66207329638919, -0.39337263161739, 0
710, 0.66207329638919, 0.39337263161739, 0
711, -0.13617618126574, -0.44437972664319, 0
712, 0.13617618126574, 0.44437972664319, 0
713, 0.47815914817985, -0.44627586195794, 0
714, -0.47815914817985, 0.44627586195794, 0
715, -0.49066723123034, -0.4550862597816, 0
716, 0.49066723123034, 0.4550862597816, 0
717, 0.62723749259221, -0.088089020930662, 0
718, -0.62723749259221, 0.088089020930662, 0
719, 0.63621596616287, -0.44523875349302, 0
720, -0.63621596616287, 0.44523875349302, 0
721, 0.4154629472014, -0.18683940386774, 0
722, -0.4154629472014, 0.18683940386774, 0
723, 0.14479422750967, -0.44423657642663, 0
724, -0.14479422750967, 0.44423657642663, 0
725, 0.81476695700978, -0.14128717848145, 0
726, -0.81476695700978, 0.14128717848145, 0
727, 0.88738468689899, -0.27934956721325, 0
728, -0.88738468689899, 0.27934956721325, 0
729, 0.26768041340066, -0.44499779112529, 0
730, -0.26768041340066, 0.44499779112529, 0
731, 0.1681042472833, -0.23183658679593, 0
732, -0.1681042472833, 0.23183658679593, 0
733, 0.94881463327832, -0.064819721648556, 0
734, -0.94881463327832, 0.064819721648556, 0
735, 0.66387256860861, 0.29842035354147, 0
736, -0.66387256860861, -0.29842035354147, 0
737, 0.6640794317246, 0.063111240454298, 0
738, -0.6640794317246, -0.063111240454298, 0
739, 0.095450136748997, -0.27420128376814, 0
740, -0.095450136748997, 0.27420128376814, 0
741, -0.63267370497404, -0.44719310446234, 0
742, 0.63267370497404, 0.44719310446234, 0
743, 0.20060755502306, 0.15836996674872, 0
744, -0.20060755502306, -0.15836996674872, 0
745, 0.84880038423801, -0.39068299451089, 0
746, -0.84880038423801, 0.39068299451089, 0
747, 0.29351020048237, 0.07280005300935, 0
748, -0.29351020048237, -0.07280005300935, 0
749, -0.78938886092594, -0.39589355999043, 0
750, 0.78938886092594, 0.39589355999043, 0
751, 0.26889925805335, -0.33496884704332, 0
752, -0.26889925805335, 0.33496884704332, 0
753, 0.84719078702277, -0.17713938689918, 0
754, -0.84719078702277, 0.17713938689918, 0
755, 0.8356956210581, 0.03812050106476, 0
756, -0.8356956210581, -0.03812050106476, 0
757, 0.55091105181723, -0.0060921379173229, 0
758, -0.55091105181723, 0.0060921379173229, 0
759, 0.6354135648406, 0.16385908792009, 0
760, -0.6354135648406, -0.16385908792009, 0
761, 0.9001661929284, 0.29994457671195, 0
762, -0.9001661929284, -0.29994457671195, 0
763, -0.40423644862689, -0.40030357562047, 0
764, 0.40423644862689, 0.40030357562047, 0
765, 0.27036994071143, -0.39425735378325, 0
766, -0.27036994071143, 0.39425735378325, 0
767, 0.58523673154114, -0.44489849054803, 0
768, -0.58523673154114, 0.44489849054803, 0
769, 0.34734644120677, 0.17842665235385, 0
770, -0.34734644120677, -0.17842665235385, 0
771, -0.24482920973901, 0.049495653593018, 0
772, 0.24482920973901, -0.049495653593018, 0
773, -0.21105040477892, 0.14254831852281, 0
774, 0.21105040477892, -0.14254831852281, 0
775, 0.58869286383875, -0.044683835432755, 0
776, -0.58869286383875, 0.044683835432755, 0
777, 0.84135800622789, 0.13426392950634, 0
778, -0.84135800622789, -0.13426392950634, 0
779, 0.30553264183134, 0.40209981172859, 0
780, -0.30553264183134, -0.40209981172859, 0
781, -0.28334709595275, -0.021354813779437, 0
782, 0.28334709595275, 0.021354813779437, 0
783, -0.040423289379489, -0.18513076564964, 0
784, 0.040423289379489, 0.18513076564964, 0
785, -0.24381534873122, -0.39315844133657, 0
786, 0.24381534873122, 0.39315844133657, 0
787, -0.067190113983083, -0.45346797906094, 0
788, 0.067190113983083, 0.45346797906094, 0
789, 0.058690307084531, 0.29654945812499, 0
790, -0.058690307084532, -0.29654945812499, 0
791, 0.71030856585985, -0.39726258130076, 0
792, -0.71030856585985, 0.39726258130076, 0
793, -0.726432454375, -0.39592991072552, 0
794, 0.726432454375, 0.39592991072552, 0
795, 0.36314601464892, -0.44961237810249, 0
796, -0.36314601464892, 0.44961237810249, 0
797, 0.79653749900372, -0.39789727047453, 0
798, -0.79653749900372, 0.39789727047453, 0
799, 0.95470026178105, -0.20102956961645, 0
800, -0.95470026178105, 0.20102956961645, 0
801, 0.58420310339898, 0.44584405306614, 0
802, -0.58420310339898, -0.44584405306614, 0
803, 0.17553316430442, -0.39727882623391, 0
804, -0.17553316430442, 0.39727882623391, 0
805, 0.89839432800328, -0.021886646457198, 0
806, -0.89839432800328, 0.021886646457198, 0
807, 0.02390257730289, -0.38630908192718, 0
808, -0.02390257730289, 0.38630908192718, 0
809, 0.80327821952977, 0.00074461722916347, 0
810, -0.80327821952977, -0.00074461722916347, 0
811, 0.95212867991503, -0.45203119828429, 0
812, -0.95212867991503, 0.45203119828429, 0
813, 0.31382587409829, -0.14993040864339, 0
814, -0.31382587409829, 0.14993040864339, 0
815, -0.25842928521768, -0.10110946681544, 0
816, 0.25842928521768, 0.10110946681544, 0
817, -0.95070771767785, -0.45134646973401, 0
818, 0.95070771767785, 0.45134646973401, 0
819, 0.72431507802585, -0.3132069126486, 0
820, -0.72431507802585, 0.3132069126486, 0
821, -0.45354339209523, -0.17317826502245, 0
822, -0.39847709451505, -0.15328548551172, 0
823, 0.45354339209523, 0.17317826502245, 0
824, 0.39847709451505, 0.15328548551172, 0
825, 0.54518078649246, -0.1756030781482, 0
826, -0.54518078649246, 0.1756030781482, 0
827, 0.36673071449863, 0.22305694233671, 0
828, -0.36673071449863, -0.22305694233671, 0
829, 0.63268918533723, -0.27876587312286, 0
830, -0.63268918533723, 0.27876587312286, 0
831, 0.52023103872144, 0.022941763100896, 0
832, -0.52023103872144, -0.022941763100896, 0
833, 0.15418936184312, 0.17666335981661, 0
834, -0.15418936184312, -0.17666335981661, 0
835, 0.90675644931584, -0.23456595251934, 0
836, -0.90675644931584, 0.23456595251934, 0
837, -0.84219262887328, -0.3966699964946, 0
838, 0.84219262887328, 0.3966699964946, 0
839, -0.18188791679754, -0.40555776264913, 0
840, 0.18188791679754, 0.40555776264913, 0
841, 0.89965889970491, -0.37847370675346, 0
842, -0.89965889970491, 0.37847370675346, 0
843, 0.74161240991389, 0.05597534628606, 0
844, -0.74161240991389, -0.05597534628606, 0
845, -0.080624672355257, -0.19264102364213, 0
846, 0.080624672355257, 0.19264102364213, 0
847, -0.16356049901814, -0.090705799096563, 0
848, 0.16356049901814, 0.090705799096563, 0
849, 0.27559237454692, -0.022398086519713, 0
850, -0.27559237454692, 0.022398086519713, 0
851, -0.44992960856392, -0.43233684583037, 0
852, 0.44992960856392, 0.43233684583037, 0
853, -0.025801662904494, -0.40190424309908, 0
854, 0.025801662904494, 0.40190424309908, 0
855, 0.075209471892115, -0.31114774593337, 0
856, -0.075209471892115, 0.31114774593337, 0
857, 0.46639598346315, 0.064610908820656, 0
858, -0.46639598346315, -0.064610908820656, 0
859, -0.26431881089895, 0.086006186132826, 0
860, 0.26431881089895, -0.086006186132826, 0
861, -0.5695993662235, -0.17285176070416, 0
862, 0.5695993662235, 0.17285176070416, 0
863, 0.24743573118152, -0.12335205642857, 0
864, -0.24743573118152, 0.12335205642857, 0
865, 0.43691125677213, 0.097690616349044, 0
866, -0.43691125677213, -0.097690616349044, 0
867, 0.13558561451708, -0.26119866007793, 0
868, -0.13558561451708, 0.26119866007793, 0
869, -0.29311206565031, -0.31207067559997, 0
870, 0.29311206565031, 0.31207067559997, 0
871, -0.55672968299466, -0.13389994825159, 0
872, 0.55672968299466, 0.13389994825159, 0
873, 0.28980888904721, -0.19147163480444, 0
874, -0.28980888904721, 0.19147163480444, 0
875, 0.62780599690471, 0.082882448653827, 0
876, 0.60546238246548, 0.10260120410338, 0
877, 0.59390910437534, 0.074510102530927, 0
878, -0.62780599690471, -0.082882448653827, 0
879, -0.60546238246548, -0.10260120410338, 0
880, -0.59390910437534, -0.074510102530927, 0
881, 0.61807753905159, 0.12860639669921, 0
882, 0.58418064652222, 0.12023405057631, 0
883, -0.61807753905159, -0.12860639669921, 0
884, -0.58418064652222, -0.12023405057631, 0
885, 0.61728416840252, 0.22598874352679, 0
886, 0.62928694797707, 0.20345278788984, 0
887, 0.64657111654481, 0.22944153151153, 0
888, -0.61728416840252, -0.22598874352679, 0
889, -0.62928694797707, -0.20345278788984, 0
890, -0.64657111654481, -0.22944153151153, 0
891, -0.19350128755109, 0.00018778680415567, 0
892, -0.21707354952195, 0.018693816711046, 0
893, -0.21684461757742, -0.019691649945936, 0
894, 0.19350128755109, -0.00018778680415567, 0
895, 0.21707354952195, -0.018693816711046, 0
896, 0.21684461757742, 0.019691649945936, 0
897, 0.43273147365641, -0.20011843171248, 0
898, 0.41443020342989, -0.21841970190198, 0
899, -0.43273147365641, 0.20011843171248, 0
900, -0.41443020342989, 0.21841970190198, 0
901, -0.17889526268478, 0.074043434995401, 0
902, -0.1930781389914, 0.10084181286056, 0
903, -0.20791309580225, 0.065371631326297, 0
904, 0.17889526268478, -0.074043434995401, 0
905, 0.1930781389914, -0.10084181286056, 0
906, 0.20791309580225, -0.065371631326297, 0
907, -0.38139905219408, -0.3333276571694, 0
908, -0.37470032236831, -0.30832765714342, 0
909, 0.38139905219408, 0.3333276571694, 0
910, 0.37470032236831, 0.30832765714342, 0
911, -0.83262666316574, -0.32173777645714, 0
912, -0.86571895297935, -0.3319899845281, 0
913, -0.85213210037309, -0.35641393327944, 0
914, 0.83262666316574, 0.32173777645714, 0
915, 0.86571895297935, 0.3319899845281, 0
916, 0.85213210037309, 0.35641393327944, 0
917, 0.36339745968192, -0.2999999999227, 0
918, 0.33866364853682, -0.28221631208668, 0
919, 0.33866364854297, -0.31881885242722, 0
920, -0.36339745968192, 0.2999999999227, 0
921, -0.33866364853682, 0.28221631208668, 0
922, -0.33866364854297, 0.31881885242722, 0
923, -0.61058543864915, -0.2509887435306, 0
924, -0.59330127008141, -0.22499999990891, 0
925, 0.61058543864915, 0.2509887435306, 0
926, 0.59330127008141, 0.22499999990891, 0
927, 0.34105141087534, -0.2244215346107, 0
928, 0.34934992199533, -0.20019809970053, 0
929, 0.32092557528332, -0.21225397577028, 0
930, -0.34105141087534, 0.2244215346107, 0
931, -0.34934992199533, 0.20019809970053, 0
932, -0.32092557528332, 0.21225397577028, 0
933, -0.87318985435021, -0.29862920220888, 0
934, -0.89269529155755, -0.33330535903118, 0
935, 0.87318985435021, 0.29862920220888, 0
936, 0.89269529155755, 0.33330535903118, 0
937, 0.39143660862287, -0.23118282923858, 0
938, 0.39246935239438, -0.19960253120434, 0
939, -0.39143660862287, 0.23118282923858, 0
940, -0.39246935239438, 0.19960253120434, 0
941, 0.38169872983788, -0.28169872979108, 0
942, 0.38169872984403, -0.31830127013162, 0
943, -0.38169872983788, 0.28169872979108, 0
944, -0.38169872984403, 0.31830127013162, 0
945, 0.40769624375566, -0.10992077315332, 0
946, 0.37966100649879, -0.1210560976118, 0
947, 0.39803975966804, -0.14089495075968, 0
948, -0.40769624375566, 0.10992077315332, 0
949, -0.37966100649879, 0.1210560976118, 0
950, -0.39803975966804, 0.14089495075968, 0
951, 0.0016849740077832, -0.32940174641504, 0
952, -0.0020612546812351, -0.36621752293828, 0
953, 0.027648805991908, -0.34949330540393, 0
954, -0.0016849740077832, 0.32940174641504, 0
955, 0.0020612546812351, 0.36621752293828, 0
956, -0.027648805991908, 0.34949330540393, 0
957, 0.5783815229883, -0.16427313232017, 0
958, 0.55450805764277, -0.15616178036921, 0
959, 0.56905425183798, -0.18371443009917, 0
960, -0.5783815229883, 0.16427313232017, 0
961, -0.55450805764277, 0.15616178036921, 0
962, -0.56905425183798, 0.18371443009917, 0
963, 0.43309560804536, -0.4148735520166, 0
964, 0.44717518216572, -0.44471021282393, 0
965, 0.46407957405949, -0.41643920115062, 0
966, -0.43309560804536, 0.4148735520166, 0
967, -0.44717518216572, 0.44471021282393, 0
968, -0.46407957405949, 0.41643920115062, 0
969, -0.38400432618754, -0.36290242367699, 0
970, -0.35200591873008, -0.34623008079444, 0
971, 0.38400432618754, 0.36290242367699, 0
972, 0.35200591873008, 0.34623008079444, 0
973, 0.60331926682952, -0.16613483014486, 0
974, 0.58877307263431, -0.13858218041491, 0
975, -0.60331926682952, 0.16613483014486, 0
976, -0.58877307263431, 0.13858218041491, 0
977, 0.3635238922461, -0.097458631332368, 0
978, 0.35386740815848, -0.12843280893872, 0
979, -0.3635238922461, 0.097458631332368, 0
980, -0.35386740815848, 0.12843280893872, 0
981, 0.85497640821639, 0.20993664131606, 0
982, 0.84448166777658, 0.23915317495239, 0
983, 0.82027727657628, 0.21332300801613, 0
984, -0.85497640821639, -0.20993664131606, 0
985, -0.84448166777658, -0.23915317495239, 0
986, -0.82027727657628, -0.21332300801613, 0
987, 0.33801226191955, -0.24993743513131, 0
988, 0.36643660863156, -0.23788155906156, 0
989, -0.33801226191955, 0.24993743513131, 0
990, -0.36643660863156, 0.23788155906156, 0
991, 0.39547830820843, -0.37024594553435, 0
992, 0.41377957840047, -0.3885472157636, 0
993, -0.39547830820843, 0.37024594553435, 0
994, -0.41377957840047, 0.3885472157636, 0
995, 0.030709842331715, -0.173299911448, 0
996, 4.3403926919613e-05, -0.18183090281972, 0
997, 0.030753246258635, -0.20513081426772, 0
998, -0.030709842331715, 0.173299911448, 0
999, -4.340392691962e-05, 0.18183090281972, 0
1000, -0.030753246258635, 0.20513081426772, 0
1001, 0.018944595681015, 0.31197776657356, 0
1002, -0.010765464992128, 0.2952535490392, 0
1003, -0.018944595681015, -0.31197776657356, 0
1004, 0.010765464992128, -0.2952535490392, 0
1005, 0.27745717902683, 0.34332160027509, 0
1006, 0.27510733083371, 0.37164309486332, 0
1007, 0.24616519692435, 0.36483694674835, 0
1008, -0.27745717902683, -0.34332160027509, 0
1009, -0.27510733083371, -0.37164309486332, 0
1010, -0.24616519692435, -0.36483694674835, 0
1011, 0.1379939659563, -0.1948132826197, 0
1012, 0.14001794386739, -0.22667309550504, 0
1013, 0.16608026937221, -0.1999767739106, 0
1014, -0.1379939659563, 0.1948132826197, 0
1015, -0.14001794386739, 0.22667309550504, 0
1016, -0.16608026937221, 0.1999767739106, 0
1017, 0.30596597738377, 0.37611378005933, 0
1018, 0.27467399528128, 0.39762912653258, 0
1019, -0.30596597738377, -0.37611378005933, 0
1020, -0.27467399528128, -0.39762912653258, 0
1021, 0.088688802950324, -0.4642626198836, 0
1022, 0.054206044329539, -0.4642626198836, 0
1023, -0.088688802950324, 0.4642626198836, 0
1024, -0.054206044329539, 0.4642626198836, 0
1025, 0.48907957408993, -0.42313793097897, 0
1026, -0.48907957408993, 0.42313793097897, 0
1027, 0.66396105898881, -0.2315435521779, 0
1028, 0.65787375159353, -0.26132884528734, 0
1029, 0.68385793252216, -0.25606177944433, 0
1030, -0.66396105898881, 0.2315435521779, 0
1031, -0.65787375159353, 0.26132884528734, 0
1032, -0.68385793252216, 0.25606177944433, 0
1033, -0.17163617780328, -0.019098839926413, 0
1034, -0.17186510974781, 0.019286626730569, 0
1035, 0.17163617780328, 0.019098839926413, 0
1036, 0.17186510974781, -0.019286626730569, 0
1037, 0.57056464191925, -0.11296949800177, 0
1038, 0.59550238576046, -0.11483119582646, 0
1039, -0.57056464191925, 0.11296949800177, 0
1040, -0.59550238576046, 0.11483119582646, 0
1041, -0.61128720711008, -0.34557627886967, 0
1042, -0.61981624058881, -0.36885314221183, 0
1043, -0.59513157392718, -0.3732768632209, 0
1044, 0.61128720711008, 0.34557627886967, 0
1045, 0.61981624058881, 0.36885314221183, 0
1046, 0.59513157392718, 0.3732768632209, 0
1047, 0.6116025403332, -0.34330127025255, 0
1048, 0.59791145841219, -0.3716192214232, 0
1049, 0.62291145841051, -0.3649204916003, 0
1050, -0.6116025403332, 0.34330127025255, 0
1051, -0.59791145841219, 0.3716192214232, 0
1052, -0.62291145841051, 0.3649204916003, 0
1053, -0.15132111784334, 0.083458065769411, 0
1054, -0.16615607465418, 0.047987884235147, 0
1055, 0.15132111784334, -0.083458065769411, 0
1056, 0.16615607465418, -0.047987884235147, 0
1057, -0.1079799445052, 0.13526691014193, 0
1058, -0.13697708897449, 0.13699070969646, 0
1059, -0.13506316140465, 0.10778981697513, 0
1060, 0.1079799445052, -0.13526691014193, 0
1061, 0.13697708897449, -0.13699070969646, 0
1062, 0.13506316140465, -0.10778981697513, 0
1063, 0.63512692970391, -0.39289220133198, 0
1064, 0.64881801162493, -0.36457425016133, 0
1065, -0.63512692970391, 0.39289220133198, 0
1066, -0.64881801162493, 0.36457425016133, 0
1067, 0.13697508176808, -0.16629238194426, 0
1068, 0.16405829866753, -0.13881528877747, 0
1069, -0.13697508176808, 0.16629238194426, 0
1070, -0.16405829866753, 0.13881528877747, 0
1071, -0.37485399617592, -0.18879103781702, 0
1072, -0.37291176786091, -0.16585606893278, 0
1073, -0.40041932283006, -0.17622045439595, 0
1074, 0.37485399617592, 0.18879103781702, 0
1075, 0.37291176786091, 0.16585606893278, 0
1076, 0.40041932283006, 0.17622045439595, 0
1077, 0.018085870940102, -0.4730440667316, 0
1078, 0.037809156651633, -0.43730668661519, 0
1079, -0.018085870940102, 0.4730440667316, 0
1080, -0.037809156651633, 0.43730668661519, 0
1081, 0.62047415453387, -0.11426644958513, 0
1082, 0.60226572381881, -0.088653767171991, 0
1083, -0.62047415453387, 0.11426644958513, 0
1084, -0.60226572381881, 0.088653767171991, 0
1085, 0.11091275626325, -0.1929887035387, 0
1086, -0.11091275626325, 0.1929887035387, 0
1087, 0.034277205890601, 0.28718951366136, 0
1088, 0.043357696874946, 0.32133771103719, 0
1089, -0.034277205890601, -0.28718951366136, 0
1090, -0.043357696874946, -0.32133771103719, 0
1091, 0.21820075911219, -0.40273708572021, 0
1092, 0.24277485466972, -0.41526096124403, 0
1093, 0.2457958451539, -0.38173347825942, 0
1094, -0.21820075911219, 0.40273708572021, 0
1095, -0.24277485466972, 0.41526096124403, 0
1096, -0.2457958451539, 0.38173347825942, 0
1097, 0.51654589757667, 0.088094060988701, 0
1098, 0.54071405076498, 0.078554736748266, 0
1099, 0.5473973367478, 0.10376818222092, 0
1100, -0.51654589757667, -0.088094060988701, 0
1101, -0.54071405076498, -0.078554736748266, 0
1102, -0.5473973367478, -0.10376818222092, 0
1103, -0.86269715759435, -0.26654031797907, 0
1104, -0.82799802595424, -0.26992668467913, 0
1105, 0.86269715759435, 0.26654031797907, 0
1106, 0.82799802595424, 0.26992668467913, 0
1107, -0.53488871988099, -0.051390126544786, 0
1108, -0.56574015905213, -0.067064247777, 0
1109, 0.53488871988099, 0.051390126544786, 0
1110, 0.56574015905213, 0.067064247777, 0
1111, 0.053646774316905, -0.33569176413197, 0
1112, 0.049900545627886, -0.37250754065522, 0
1113, -0.053646774316905, 0.33569176413197, 0
1114, -0.049900545627886, 0.37250754065522, 0
1115, 0.059411099670767, -0.16759087642293, 0
1116, -0.059411099670767, 0.16759087642293, 0
1117, -0.61728416848513, -0.27598874357424, 0
1118, -0.64922045278943, -0.27519892034498, 0
1119, -0.6319362843043, -0.29921017677073, 0
1120, 0.61728416848513, 0.27598874357424, 0
1121, 0.64922045278943, 0.27519892034498, 0
1122, 0.6319362843043, 0.29921017677073, 0
1123, 0.3968751865067, -0.41681822743691, 0
1124, -0.3968751865067, 0.41681822743691, 0
1125, 0.84832640230378, 0.09174012091405, 0
1126, 0.82621319330778, 0.064535731909571, 0
1127, 0.8578088300541, 0.065324890069239, 0
1128, -0.84832640230378, -0.09174012091405, 0
1129, -0.82621319330778, -0.064535731909571, 0
1130, -0.8578088300541, -0.065324890069239, 0
1131, 0.91613487118555, -0.10301599791904, 0
1132, 0.88128645763836, -0.10272616376196, 0
1133, 0.907416559534, -0.13304349917727, 0
1134, -0.91613487118555, 0.10301599791904, 0
1135, -0.88128645763836, 0.10272616376196, 0
1136, -0.907416559534, 0.13304349917727, 0
1137, -0.61798593688585, -0.3205762789303, 0
1138, -0.64992222119016, -0.31978645570103, 0
1139, 0.61798593688585, 0.3205762789303, 0
1140, 0.64992222119016, 0.31978645570103, 0
1141, -0.35188572422384, -0.40619614940335, 0
1142, -0.37942382067521, -0.38805421146125, 0
1143, -0.37669835217551, -0.41844551356257, 0
1144, 0.35188572422384, 0.40619614940335, 0
1145, 0.37942382067521, 0.38805421146125, 0
1146, 0.37669835217551, 0.41844551356257, 0
1147, 0.7095930316521, -0.24546800023881, 0
1148, 0.70350572425681, -0.27525329334825, 0
1149, -0.7095930316521, 0.24546800023881, 0
1150, -0.70350572425681, 0.27525329334825, 0
1151, 0.31450253044077, -0.46147375999838, 0
1152, 0.29317032334896, -0.43397265556102, 0
1153, 0.28901262049248, -0.47249889556265, 0
1154, -0.31450253044077, 0.46147375999838, 0
1155, -0.29317032334896, 0.43397265556102, 0
1156, -0.28901262049248, 0.47249889556265, 0
1157, 0.56172666408127, -0.47395403385722, 0
1158, 0.58572181404586, -0.47244924527401, 0
1159, 0.56124158157655, -0.44640327913124, 0
1160, -0.56172666408127, 0.47395403385722, 0
1161, -0.58572181404586, 0.47244924527401, 0
1162, -0.56124158157655, 0.44640327913124, 0
1163, 0.24143009101434, -0.44063117991505, 0
1164, 0.26902517705605, -0.41962757245427, 0
1165, -0.24143009101434, 0.44063117991505, 0
1166, -0.26902517705605, 0.41962757245427, 0
1167, 0.56159774743767, 0.47373074359946, 0
1168, 0.56059585086072, 0.44665277013253, 0
1169, 0.58520499997593, 0.47292202653307, 0
1170, -0.56159774743767, -0.47373074359946, 0
1171, -0.56059585086072, -0.44665277013253, 0
1172, -0.58520499997593, -0.47292202653307, 0
1173, 0.055649703608717, -0.22671733839066, 0
1174, 0.080905681502736, -0.23917222904973, 0
1175, 0.086675662557449, -0.20905471355507, 0
1176, -0.055649703608717, 0.22671733839066, 0
1177, -0.080905681502736, 0.23917222904973, 0
1178, -0.086675662557449, 0.20905471355507, 0
1179, 0.3367454211166, -0.47480618905124, 0
1180, 0.34090312397308, -0.43627994904962, 0
1181, -0.3367454211166, 0.47480618905124, 0
1182, -0.34090312397308, 0.43627994904962, 0
1183, 0.3403731193049, -0.3478819489858, 0
1184, 0.34745396789178, -0.37482662444614, 0
1185, 0.37047830827494, -0.36354721572357, 0
1186, -0.3403731193049, 0.3478819489858, 0
1187, -0.34745396789178, 0.37482662444614, 0
1188, -0.37047830827494, 0.36354721572357, 0
1189, 0.3180045061095, -0.39105443885256, 0
1190, 0.34810969507954, -0.40671970559033, 0
1191, -0.3180045061095, 0.39105443885256, 0
1192, -0.34810969507954, 0.40671970559033, 0
1193, 0.94553980317976, -0.099076527491454, 0
1194, 0.91940970128411, -0.06875919207614, 0
1195, -0.94553980317976, 0.099076527491454, 0
1196, -0.91940970128411, 0.06875919207614, 0
1197, 0.85869412867665, 0.17332511124808, 0
1198, 0.88289851987695, 0.19915527818435, 0
1199, -0.85869412867665, -0.17332511124808, 0
1200, -0.88289851987695, -0.19915527818435, 0
1201, 0.90357291606961, -0.33432120637205, 0
1202, 0.91231119169556, -0.30554913761022, 0
1203, 0.87864641127304, -0.30812163597508, 0
1204, -0.90357291606961, 0.33432120637205, 0
1205, -0.91231119169556, 0.30554913761022, 0
1206, -0.87864641127304, 0.30812163597508, 0
1207, 0.12412125168462, -0.47211828821332, 0
1208, 0.10936177877537, -0.43638090809691, 0
1209, -0.12412125168462, 0.47211828821332, 0
1210, -0.10936177877537, 0.43638090809691, 0
1211, -0.64902258508045, -0.36726259473899, 0
1212, -0.63286695189755, -0.39496317909023, 0
1213, 0.64902258508045, 0.36726259473899, 0
1214, 0.63286695189755, 0.39496317909023, 0
1215, 0.67906584190728, 0.36952283171521, 0
1216, 0.71124542090019, 0.37080147126928, 0
1217, 0.6942528753821, 0.39465127117146, 0
1218, -0.67906584190728, -0.36952283171521, 0
1219, -0.71124542090019, -0.37080147126928, 0
1220, -0.6942528753821, -0.39465127117146, 0
1221, -0.38454613282185, -0.21110618280845, 0
1222, -0.3570385778527, -0.20074179734528, 0
1223, 0.38454613282185, 0.21110618280845, 0
1224, 0.3570385778527, 0.20074179734528, 0
1225, 0.88609444898522, 0.059864360229365, 0
1226, 0.86398123998922, 0.032659971224886, 0
1227, -0.88609444898522, -0.059864360229365, 0
1228, -0.86398123998922, -0.032659971224886, 0
1229, 0.87451219174792, -0.20832604564994, 0
1230, 0.8728100449605, -0.18158176894703, 0
1231, 0.84889293381019, -0.2038836636021, 0
1232, -0.87451219174792, 0.20832604564994, 0
1233, -0.8728100449605, 0.18158176894703, 0
1234, -0.84889293381019, 0.2038836636021, 0
1235, 0.63276859922857, -0.062608918752239, 0
1236, 0.61349628485184, -0.040906326003285, 0
1237, 0.60796517821548, -0.066386428181709, 0
1238, -0.63276859922857, 0.062608918752239, 0
1239, -0.61349628485184, 0.040906326003285, 0
1240, -0.60796517821548, 0.066386428181709, 0
1241, 0.52724390546048, -0.47395403385722, 0
1242, -0.52724390546048, 0.47395403385722, 0
1243, 0.52711498881707, 0.47373074359946, 0
1244, -0.52711498881707, -0.47373074359946, 0
1245, 0.94289173968773, -0.2973880526567, 0
1246, 0.91796523489116, -0.27118848225973, 0
1247, -0.94289173968773, 0.2973880526567, 0
1248, -0.91796523489116, 0.27118848225973, 0
1249, 0.87867576495672, -0.23259694641218, 0
1250, 0.90259287610704, -0.21029505175711, 0
1251, -0.87867576495672, 0.23259694641218, 0
1252, -0.90259287610704, 0.21029505175711, 0
1253, -0.67739008298638, -0.41934798093426, 0
1254, -0.70956966197929, -0.42062662048833, 0
1255, 0.67739008298638, 0.41934798093426, 0
1256, 0.70956966197929, 0.42062662048833, 0
1257, 0.0726649296515, -0.26551806882673, 0
1258, 0.10369088860023, -0.24785544399114, 0
1259, -0.0726649296515, 0.26551806882673, 0
1260, -0.10369088860023, 0.24785544399114, 0
1261, -0.10391235600337, -0.38984071272937, 0
1262, -0.13409709525526, -0.41325425336895, 0
1263, -0.10599144201385, -0.42096618600361, 0
1264, 0.10391235600337, 0.38984071272937, 0
1265, 0.13409709525526, 0.41325425336895, 0
1266, 0.10599144201385, 0.42096618600361, 0
1267, 0.2864230255929, -0.15593268667466, 0
1268, 0.27441453306736, -0.17670329975518, 0
1269, 0.30181738157275, -0.17070102172392, 0
1270, -0.2864230255929, 0.15593268667466, 0
1271, -0.27441453306736, 0.17670329975518, 0
1272, -0.30181738157275, 0.17070102172392, 0
1273, 0.27270011636439, -0.13871272475252, 0
1274, 0.30010296486978, -0.13271044672125, 0
1275, -0.27270011636439, 0.13871272475252, 0
1276, -0.30010296486978, 0.13271044672125, 0
1277, 0.6353330316987, -0.25778824557188, 0
1278, 0.65522990523206, -0.28230647283832, 0
1279, -0.6353330316987, 0.25778824557188, 0
1280, -0.65522990523206, 0.28230647283832, 0
1281, 0.58299340944207, -0.066951174423037, 0
1282, -0.58299340944207, 0.066951174423037, 0
1283, -0.3777791825374, -0.44430807532282, 0
1284, -0.40531727898877, -0.42616613738072, 0
1285, 0.3777791825374, 0.44430807532282, 0
1286, 0.40531727898877, 0.42616613738072, 0
1287, 0.57961018817888, -0.38992049161273, 0
1288, 0.5676183657047, -0.41575051550127, 0
1289, 0.59722855401532, -0.41906846665949, 0
1290, -0.57961018817888, 0.38992049161273, 0
1291, -0.5676183657047, 0.41575051550127, 0
1292, -0.59722855401532, 0.41906846665949, 0
1293, 0.22963895517556, 0.12407019843892, 0
1294, 0.22484360586561, 0.15183928912736, 0
1295, 0.205402904333, 0.13060087606028, 0
1296, -0.22963895517556, -0.12407019843892, 0
1297, -0.22484360586561, -0.15183928912736, 0
1298, -0.205402904333, -0.13060087606028, 0
1299, 0.91100662644607, 0.21750546029866, 0
1300, 0.91472434690633, 0.18089393023068, 0
1301, -0.91100662644607, -0.21750546029866, 0
1302, -0.91472434690633, -0.18089393023068, 0
1303, 0.43223353910951, -0.47157228184495, 0
1304, 0.39775078048872, -0.47157228184495, 0
1305, -0.43223353910951, 0.47157228184495, 0
1306, -0.39775078048872, 0.47157228184495, 0
1307, 0.46321750512364, -0.47313793097897, 0
1308, -0.46321750512364, 0.47313793097897, 0
1309, 0.70315380525124, 0.064604513557001, 0
1310, 0.68470500147194, 0.079107570359041, 0
1311, 0.6825282355039, 0.048608183652258, 0
1312, -0.70315380525124, -0.064604513557001, 0
1313, -0.68470500147194, -0.079107570359041, 0
1314, -0.6825282355039, -0.048608183652258, 0
1315, -0.10168314762441, -0.44892385285206, 0
1316, -0.07149840837252, -0.42551031221249, 0
1317, 0.10168314762441, 0.44892385285206, 0
1318, 0.07149840837252, 0.42551031221249, 0
1319, 0.082842081125546, 0.25977877193821, 0
1320, 0.091145996985949, 0.23088632960697, 0
1321, 0.11392576587421, 0.25097132067573, 0
1322, -0.082842081125546, -0.25977877193821, 0
1323, -0.091145996985949, -0.23088632960697, 0
1324, -0.11392576587421, -0.25097132067573, 0
1325, 0.72129472459855, 0.045040236568139, 0
1326, 0.72347149056659, 0.075539623274923, 0
1327, -0.72129472459855, -0.045040236568139, 0
1328, -0.72347149056659, -0.075539623274923, 0
1329, 0.86994253787768, 0.0027061699945942, 0
1330, 0.84165691894656, 0.0081666998344684, 0
1331, -0.86994253787768, -0.0027061699945942, 0
1332, -0.84165691894656, -0.0081666998344684, 0
1333, 0.54362321574011, -0.41725530408447, 0
1334, -0.54362321574011, 0.41725530408447, 0
1335, 0.39273373480629, -0.16943483954295, 0
1336, 0.42076897206316, -0.15829951508447, 0
1337, -0.39273373480629, 0.16943483954295, 0
1338, -0.42076897206316, 0.15829951508447, 0
1339, -0.35088112998886, -0.15438516087024, 0
1340, -0.376446456643, -0.14181457744918, 0
1341, 0.35088112998886, 0.15438516087024, 0
1342, 0.376446456643, 0.14181457744918, 0
1343, 0.63738641991772, 0.13741631907318, 0
1344, 0.61610468397447, 0.15504916554611, 0
1345, -0.63738641991772, -0.13741631907318, 0
1346, -0.61610468397447, -0.15504916554611, 0
1347, -0.29461292808012, -0.1565796764436, 0
1348, -0.32514817500927, -0.15323599047001, 0
1349, -0.31681119427761, -0.18177033832743, 0
1350, 0.29461292808012, 0.1565796764436, 0
1351, 0.32514817500927, 0.15323599047001, 0
1352, 0.31681119427761, 0.18177033832743, 0
1353, 0.42795247162015, 0.18616684415132, 0
1354, 0.42601024330514, 0.16323187526708, 0
1355, -0.42795247162015, -0.18616684415132, 0
1356, -0.42601024330514, -0.16323187526708, 0
1357, 0.75381586392333, -0.40058843899975, 0
1358, 0.73098277924806, -0.38181820325388, 0
1359, 0.73314165053512, -0.41603281704663, 0
1360, -0.75381586392333, 0.40058843899975, 0
1361, -0.73098277924806, 0.38181820325388, 0
1362, -0.73314165053512, 0.41603281704663, 0
1363, -0.24293150405609, -0.028777110951853, 0
1364, -0.21935924208523, -0.047283140858743, 0
1365, 0.24293150405609, 0.028777110951853, 0
1366, 0.21935924208523, 0.047283140858743, 0
1367, 0.64016607526958, 0.058951293767836, 0
1368, 0.65171935335972, 0.08704239534029, 0
1369, -0.64016607526958, -0.058951293767836, 0
1370, -0.65171935335972, -0.08704239534029, 0
1371, -0.32975254165613, -0.46829372575234, 0
1372, -0.29333345984463, -0.47398591110832, 0
1373, -0.31274117391264, -0.44227963686066, 0
1374, 0.32975254165613, 0.46829372575234, 0
1375, 0.29333345984463, 0.47398591110832, 0
1376, 0.31274117391264, 0.44227963686066, 0
1377, 0.36974013999926, -0.18219796687955, 0
1378, 0.34961430440724, -0.17003040803913, 0
1379, -0.36974013999926, 0.18219796687955, 0
1380, -0.34961430440724, 0.17003040803913, 0
1381, -0.36423530027672, -0.46829372575234, 0
1382, -0.39285422708999, -0.47601434957049, 0
1383, 0.36423530027672, 0.46829372575234, 0
1384, 0.39285422708999, 0.47601434957049, 0
1385, -0.57683030371508, -0.39157813346376, 0
1386, -0.59393185540244, -0.4211988898146, 0
1387, -0.56710155171161, -0.41622329671529, 0
1388, 0.57683030371508, 0.39157813346376, 0
1389, 0.59393185540244, 0.4211988898146, 0
1390, 0.56710155171161, 0.41622329671529, 0
1391, 0.91388796860427, 0.38308489036212, 0
1392, 0.91690455553275, 0.41802293301799, 0
1393, 0.88824097711517, 0.40160418400627, 0
1394, -0.91388796860427, -0.38308489036212, 0
1395, -0.91690455553275, -0.41802293301799, 0
1396, -0.88824097711517, -0.40160418400627, 0
1397, -0.26767780202831, -0.16521131790351, 0
1398, -0.27601478275997, -0.13667697004609, 0
1399, 0.26767780202831, 0.16521131790351, 0
1400, 0.27601478275997, 0.13667697004609, 0
1401, 0.23431376943032, 0.10197062609364, 0
1402, 0.25375447096293, 0.12320903916072, 0
1403, -0.23431376943032, -0.10197062609364, 0
1404, -0.25375447096293, -0.12320903916072, 0
1405, 0.18743749252418, -0.18222105726659, 0
1406, 0.18946147043527, -0.21408087015192, 0
1407, -0.18743749252418, 0.18222105726659, 0
1408, -0.18946147043527, 0.21408087015192, 0
1409, 0.88549872444252, -0.15938890800753, 0
1410, 0.92034713798971, -0.15967874216462, 0
1411, -0.88549872444252, 0.15938890800753, 0
1412, -0.92034713798971, 0.15967874216462, 0
1413, 0.3132784507806, -0.26875628763582, 0
1414, -0.3132784507806, 0.26875628763582, 0
1415, -0.66601513059854, -0.34341279483682, 0
1416, -0.67996547801699, -0.32204669267725, 0
1417, 0.66601513059854, 0.34341279483682, 0
1418, 0.67996547801699, 0.32204669267725, 0
1419, 0.082156078549168, 0.28820661056598, 0
1420, 0.05937630966091, 0.26812161949722, 0
1421, -0.082156078549168, -0.28820661056598, 0
1422, -0.05937630966091, -0.26812161949722, 0
1423, 0.23491943533737, -0.17913005910691, 0
1424, 0.23503529093322, -0.15224164161437, 0
1425, 0.21093454918308, -0.16943673601536, 0
1426, -0.23491943533737, 0.17913005910691, 0
1427, -0.23503529093322, 0.15224164161437, 0
1428, -0.21093454918308, 0.16943673601536, 0
1429, 0.94290006365927, 0.16568372500051, 0
1430, 0.91479195709015, 0.1473335428862, 0
1431, -0.94290006365927, -0.16568372500051, 0
1432, -0.91479195709015, -0.1473335428862, 0
1433, -0.42733698571058, -0.47601434957049, 0
1434, 0.42733698571058, 0.47601434957049, 0
1435, 0.024983265203922, -0.23524832976238, 0
1436, -0.024983265203922, 0.23524832976238, 0
1437, 0.94473337413474, 0.034546939593003, 0
1438, 0.91793868821963, 0.046948563974142, 0
1439, 0.91906154483546, 0.014797817003872, 0
1440, -0.94473337413474, -0.034546939593003, 0
1441, -0.91793868821963, -0.046948563974142, 0
1442, -0.91906154483546, -0.014797817003872, 0
1443, -0.54349429917335, -0.41703201378168, 0
1444, 0.54349429917335, 0.41703201378168, 0
1445, -0.32868286379137, -0.1291944989864, 0
1446, 0.32868286379137, 0.12919449898641, 0
1447, 0.87300627241915, -0.021836873926511, 0
1448, 0.89533059346182, 0.0026563974639067, 0
1449, -0.87300627241915, 0.021836873926511, 0
1450, -0.89533059346182, -0.0026563974639067, 0
1451, -0.2240143642485, -0.47452530702872, 0
1452, -0.2414857551256, -0.44851121813704, 0
1453, -0.25885070122403, -0.47398591110832, 0
1454, 0.2240143642485, 0.47452530702872, 0
1455, 0.2414857551256, 0.44851121813704, 0
1456, 0.25885070122403, 0.47398591110832, 0
1457, 0.42816385895729, 0.44218277248567, 0
1458, 0.44910273531721, 0.46616842291518, 0
1459, -0.42816385895729, -0.44218277248567, 0
1460, -0.44910273531721, -0.46616842291518, 0
1461, 0.87858685306303, -0.46833147832512, 0
1462, 0.86013673606997, -0.44020002933897, 0
1463, 0.8436188485238, -0.47186855101385, 0
1464, -0.87858685306303, 0.46833147832512, 0
1465, -0.86013673606997, 0.44020002933897, 0
1466, -0.8436188485238, 0.47186855101385, 0
1467, 0.67510792017583, 0.2292586180687, 0
1468, 0.66310514060128, 0.25179457370565, 0
1469, -0.67510792017583, -0.2292586180687, 0
1470, -0.66310514060128, -0.25179457370565, 0
1471, 0.94412059757078, 0.23293865370632, 0
1472, 0.9122947705414, 0.25120000165999, 0
1473, -0.94412059757078, -0.23293865370632, 0
1474, -0.9122947705414, -0.25120000165999, 0
1475, 0.67678148535849, -0.37050059687793, 0
1476, 0.66456601406509, -0.34252888714625, 0
1477, -0.67678148535849, 0.37050059687793, 0
1478, -0.66456601406509, 0.34252888714625, 0
1479, 0.97292811537528, 0.017864762977385, 0
1480, 0.97180525875946, 0.050015509947655, 0
1481, -0.97292811537528, -0.017864762977385, 0
1482, -0.97180525875946, -0.050015509947655, 0
1483, -0.70842240030941, -0.47266166512556, 0
1484, -0.72629101847501, -0.44607247467597, 0
1485, -0.74200654920084, -0.47341080955041, 0
1486, 0.70842240030941, 0.47266166512556, 0
1487, 0.72629101847501, 0.44607247467597, 0
1488, 0.74200654920084, 0.47341080955041, 0
1489, -0.18416425529445, -0.11740583500195, 0
1490, -0.1793689059845, -0.1451749256904, 0
1491, 0.18416425529445, 0.11740583500195, 0
1492, 0.1793689059845, 0.1451749256904, 0
1493, 0.97141622673772, 0.21628872283879, 0
1494, 0.97270437083306, 0.24998326420013, 0
1495, -0.97141622673772, -0.21628872283879, 0
1496, -0.97270437083306, -0.24998326420013, 0
1497, 0.099440458907176, -0.40689078491823, 0
1498, 0.13487290764147, -0.41474645324795, 0
1499, -0.099440458907176, 0.40689078491823, 0
1500, -0.13487290764147, 0.41474645324795, 0
1501, 0.3156393081598, -0.33009826114978, 0
1502, -0.3156393081598, 0.33009826114978, 0
1503, 0.68631573233213, 0.20399541851101, 0
1504, 0.67045637313251, 0.18104132314846, 0
1505, 0.69819820934528, 0.1781311657849, 0
1506, -0.68631573233213, -0.20399541851101, 0
1507, -0.67045637313251, -0.18104132314846, 0
1508, -0.69819820934528, -0.1781311657849, 0
1509, 0.97141622673772, 0.18295538950537, 0
1510, 0.97148383692154, 0.14939500216088, 0
1511, -0.97141622673772, -0.18295538950537, 0
1512, -0.97148383692154, -0.14939500216088, 0
1513, 0.943289095681, 0.099410512109649, 0
1514, 0.91144485644659, 0.11232630836487, 0
1515, 0.91176627828451, 0.079613482818496, 0
1516, -0.943289095681, -0.099410512109649, 0
1517, -0.91144485644659, -0.11232630836487, 0
1518, -0.91176627828451, -0.079613482818496, 0
1519, 0.77453909174284, -0.46740152639625, 0
1520, 0.74005633312205, -0.46740152639625, 0
1521, -0.77453909174284, 0.46740152639625, 0
1522, -0.74005633312205, 0.46740152639625, 0
1523, 0.80913608990302, -0.47186855101385, 0
1524, 0.79057173337057, -0.4392700774101, 0
1525, -0.80913608990302, 0.47186855101385, 0
1526, -0.79057173337057, 0.4392700774101, 0
1527, 0.86672509645846, 0.41660611157836, 0
1528, 0.86370850952999, 0.3816680689225, 0
1529, -0.86672509645846, -0.41660611157836, 0
1530, -0.86370850952999, -0.3816680689225, 0
1531, 0.22827953948537, -0.46813228435241, 0
1532, 0.19379678086458, -0.46813228435241, 0
1533, -0.22827953948537, 0.46813228435241, 0
1534, -0.19379678086458, 0.46813228435241, 0
1535, -0.1895316056279, -0.47452530702872, 0
1536, 0.1895316056279, 0.47452530702872, 0
1537, 0.97427289144167, -0.28151369865338, 0
1538, 0.96861884824606, -0.31587435400387, 0
1539, -0.97427289144167, 0.28151369865338, 0
1540, -0.96861884824606, 0.31587435400387, 0
1541, -0.084963512317985, -0.15080332036323, 0
1542, -0.096574590991034, -0.17783286727792, 0
1543, -0.069013593682207, -0.16561147672744, 0
1544, 0.084963512317985, 0.15080332036323, 0
1545, 0.096574590991034, 0.17783286727792, 0
1546, 0.069013593682207, 0.16561147672744, 0
1547, -0.32734644877774, -0.41934363161663, 0
1548, -0.33007191727744, -0.38895232951531, 0
1549, 0.32734644877774, 0.41934363161663, 0
1550, 0.33007191727744, 0.38895232951531, 0
1551, 0.64569418997751, -0.47261937674651, 0
1552, 0.61121143135672, -0.47261937674651, 0
1553, -0.64569418997751, 0.47261937674651, 0
1554, -0.61121143135672, 0.47261937674651, 0
1555, 0.69383471068247, 0.12514048534306, 0
1556, 0.66084906257025, 0.13307531032431, 0
1557, 0.67234492310706, 0.10303872524503, 0
1558, -0.69383471068247, -0.12514048534306, 0
1559, -0.66084906257025, -0.13307531032431, 0
1560, -0.67234492310706, -0.10303872524503, 0
1561, -0.22782219110342, -0.079600193618248, 0
1562, -0.20173530462475, -0.070514732612331, 0
1563, 0.22782219110342, 0.079600193618248, 0
1564, 0.20173530462475, 0.07051473261233, 0
1565, 0.32577808400204, -0.12738287565134, 0
1566, 0.34191519825473, -0.15098034193077, 0
1567, -0.32577808400204, 0.12738287565134, 0
1568, -0.34191519825473, 0.15098034193077, 0
1569, 0.7252102958726, 0.1748729188413, 0
1570, 0.70935093667298, 0.15191882347875, 0
1571, -0.7252102958726, -0.1748729188413, 0
1572, -0.70935093667298, -0.15191882347875, 0
1573, -0.67393964168882, -0.47266166512556, 0
1574, 0.67393964168882, 0.47266166512556, 0
1575, 0.33050525282987, 0.36296629784605, 0
1576, 0.32789997883641, 0.33339153133846, 0
1577, -0.33050525282987, -0.36296629784605, 0
1578, -0.32789997883641, -0.33339153133846, 0
1579, 0.72084679720979, 0.12188223839947, 0
1580, -0.72084679720979, -0.12188223839947, 0
1581, 0.97148383692154, 0.11606166882746, 0
1582, 0.97180525875946, 0.083348843281081, 0
1583, -0.97148383692154, -0.11606166882746, 0
1584, -0.97180525875946, -0.083348843281081, 0
1585, 0.68515005646277, -0.31715115320831, 0
1586, 0.6571865827292, -0.31122480649171, 0
1587, -0.68515005646277, 0.31715115320831, 0
1588, -0.6571865827292, 0.31122480649171, 0
1589, 0.74904119418898, 0.12242081402039, 0
1590, 0.73352496819847, 0.095642475884699, 0
1591, -0.74904119418898, -0.12242081402039, 0
1592, -0.73352496819847, -0.095642475884699, 0
1593, 0.64538059482663, -0.010566525218509, 0
1594, 0.62601337973552, 0.010309707450213, 0
1595, 0.61893249077381, -0.016252583905093, 0
1596, -0.64538059482663, 0.010566525218509, 0
1597, -0.62601337973552, -0.010309707450213, 0
1598, -0.61893249077381, 0.016252583905093, 0
1599, 0.60790899724863, 0.029707497922501, 0
1600, 0.58808377349136, 0.047345492327447, 0
1601, 0.57974005192542, 0.022261643168575, 0
1602, -0.60790899724863, -0.029707497922501, 0
1603, -0.58808377349136, -0.047345492327447, 0
1604, -0.57974005192542, -0.022261643168575, 0
1605, 0.6860234306047, -0.049303617175879, 0
1606, 0.66544712806398, -0.029493769703412, 0
1607, 0.65887600840565, -0.056938664046282, 0
1608, -0.6860234306047, 0.049303617175879, 0
1609, -0.66544712806398, 0.029493769703412, 0
1610, -0.65887600840565, 0.056938664046282, 0
1611, 0.97427289144167, -0.24818036532014, 0
1612, -0.97427289144167, 0.24818036532014, 0
1613, 0.77625611710705, -0.41635016163352, 0
1614, 0.77409724581999, -0.38213554784076, 0
1615, -0.77625611710705, 0.41635016163352, 0
1616, -0.77409724581999, 0.38213554784076, 0
1617, 0.97240175880025, 0.31667145559151, 0
1618, 0.94510612963331, 0.29998805312562, 0
1619, 0.97270437083306, 0.28331659753355, 0
1620, -0.97240175880025, -0.31667145559151, 0
1621, -0.94510612963331, -0.29998805312562, 0
1622, -0.97270437083306, -0.28331659753355, 0
1623, 0.9711324865406, -0.11666666666773, 0
1624, 0.9711324865406, -0.15000000000097, 0
1625, -0.9711324865406, 0.11666666666773, 0
1626, -0.9711324865406, 0.15000000000097, 0
1627, -0.80854868108234, -0.47256617505131, 0
1628, -0.77648930782144, -0.47341080955041, 0
1629, -0.79193454062734, -0.44597698460172, 0
1630, 0.80854868108234, 0.47256617505131, 0
1631, 0.77648930782144, 0.47341080955041, 0
1632, 0.79193454062734, 0.44597698460172, 0
1633, 0.88326913969365, 0.12753651359505, 0
1634, -0.88326913969365, -0.12753651359505, 0
1635, 0.97292811537528, -0.015468570355948, 0
1636, -0.97292811537528, 0.015468570355948, 0
1637, 0.10929526352371, 0.13454536392454, 0
1638, 0.13209813718327, 0.11902295078372, 0
1639, 0.13532738328638, 0.14750229777289, 0
1640, -0.10929526352371, -0.13454536392454, 0
1641, -0.13209813718327, -0.11902295078372, 0
1642, -0.13532738328638, -0.14750229777289, 0
1643, 0.63435710130145, 0.035393556609085, 0
1644, -0.63435710130145, -0.035393556609085, 0
1645, -0.016396887680587, -0.4730440667316, 0
1646, 0.016396887680587, 0.4730440667316, 0
1647, 0.67252801702568, -0.0029314783481057, 0
1648, -0.67252801702568, 0.0029314783481057, 0
1649, -0.15429498718574, -0.47218986332159, 0
1650, -0.1714127997079, -0.44671517035031, 0
1651, 0.15429498718574, 0.47218986332159, 0
1652, 0.1714127997079, 0.44671517035031, 0
1653, 0.42618077552104, 0.20627644148061, 0
1654, 0.45177169599611, 0.19328786235174, 0
1655, -0.42618077552104, -0.20627644148061, 0
1656, -0.45177169599611, -0.19328786235174, 0
1657, 0.27946881907015, 0.21141258129144, 0
1658, 0.25404574348353, 0.21769516730149, 0
1659, 0.26085287176183, 0.19139661031107, 0
1660, -0.27946881907015, -0.21141258129144, 0
1661, -0.25404574348353, -0.21769516730149, 0
1662, -0.26085287176183, -0.19139661031107, 0
1663, 0.97240175880025, 0.35000478892494, 0
1664, -0.97240175880025, -0.35000478892494, 0
1665, 0.96861884824606, -0.34920768733711, 0
1666, -0.96861884824606, 0.34920768733711, 0
1667, -0.16592714277821, -0.047800097265465, 0
1668, 0.16592714277821, 0.047800097265465, 0
1669, -0.08364819337657, 0.15152486640656, 0
1670, 0.08364819337657, -0.15152486640656, 0
1671, -0.88967349617254, -0.26785569248214, 0
1672, 0.88967349617254, 0.26785569248214, 0
1673, 0.571463858639, -0.20261162086312, 0
1674, 0.54759039329347, -0.19450026891216, 0
1675, -0.571463858639, 0.20261162086312, 0
1676, -0.54759039329347, 0.19450026891216, 0
1677, 0.91306961168381, -0.46833147832512, 0
1678, -0.91306961168381, 0.46833147832512, 0
1679, 0.94367753231118, 0.36642327527871, 0
1680, 0.9150139538936, 0.35000452626699, 0
1681, -0.94367753231118, -0.36642327527871, 0
1682, -0.9150139538936, -0.35000452626699, 0
1683, -0.84303143970293, -0.47256617505131, 0
1684, 0.84303143970293, 0.47256617505131, 0
1685, 0.43483018720739, -0.0068551892314232, 0
1686, 0.46145069108175, 0.00028821886795493, 0
1687, 0.44291837524772, 0.018952048698478, 0
1688, -0.43483018720739, 0.0068551892314232, 0
1689, -0.46145069108175, -0.00028821886795493, 0
1690, -0.44291837524772, -0.018952048698478, 0
1691, 0.42118471087103, -0.057905444433204, 0
1692, 0.4465605117747, -0.051092970793813, 0
1693, 0.42798670213776, -0.032331492701337, 0
1694, -0.42118471087103, 0.057905444433204, 0
1695, -0.4465605117747, 0.051092970793813, 0
1696, -0.42798670213776, 0.032331492701337, 0
1697, 0.24545763475885, 0.24412097082425, 0
1698, 0.22684168745053, 0.22410499984389, 0
1699, -0.24545763475885, -0.24412097082425, 0
1700, -0.22684168745053, -0.22410499984389, 0
1701, 0.19837745695039, -0.38324421448475, 0
1702, 0.19535646646622, -0.41677169746936, 0
1703, -0.19837745695039, 0.38324421448475, 0
1704, -0.19535646646622, 0.41677169746936, 0
1705, -0.0048886484214158, -0.24574568741858, 0
1706, -0.029987752191725, -0.22667779325445, 0
1707, -0.03496320846698, -0.25876167503359, 0
1708, 0.0048886484214158, 0.24574568741858, 0
1709, 0.029987752191725, 0.22667779325445, 0
1710, 0.03496320846698, 0.25876167503359, 0
1711, 0.46500535989585, -0.069940210152754, 0
1712, 0.47180735116257, -0.044366258420886, 0
1713, -0.46500535989585, 0.069940210152754, 0
1714, -0.47180735116257, 0.044366258420886, 0
1715, -0.085656778369233, 0.18053381287963, 0
1716, 0.085656778369233, -0.18053381287963, 0
1717, 0.97127577351092, 0.38308515302007, 0
1718, -0.97127577351092, -0.38308515302007, 0
1719, 0.19046046605686, 0.25784793276293, 0
1720, 0.17223461370075, 0.23822266825879, 0
1721, 0.20002772636974, 0.2309055388625, 0
1722, -0.19046046605686, -0.25784793276293, 0
1723, -0.17223461370075, -0.23822266825879, 0
1724, -0.20002772636974, -0.2309055388625, 0
1725, 0.47873612399405, -0.02043481307825, 0
1726, 0.4971809721152, -0.039282052437191, 0
1727, -0.47873612399405, 0.02043481307825, 0
1728, -0.4971809721152, 0.039282052437191, 0
1729, 0.44865664055405, 0.042802726484905, 0
1730, 0.42203613667969, 0.035659318385526, 0
1731, -0.44865664055405, -0.042802726484905, 0
1732, -0.42203613667969, -0.035659318385526, 0
1733, 0.94733543201444, -0.031211764512912, 0
1734, 0.92212527937692, -0.0097452269172327, 0
1735, 0.9236044806408, -0.043353184052877, 0
1736, -0.94733543201444, 0.031211764512912, 0
1737, -0.92212527937692, 0.0097452269172327, 0
1738, -0.9236044806408, 0.043353184052877, 0
1739, 0.4819124732576, -0.18174170182634, 0
1740, 0.4569124733133, -0.18844043160495, 0
1741, -0.4819124732576, 0.18174170182634, 0
1742, -0.4569124733133, 0.18844043160495, 0
1743, -0.51639882332262, -0.18185589941649, 0
1744, -0.54139882325363, -0.18855462918744, 0
1745, 0.51639882332262, 0.18185589941649, 0
1746, 0.54139882325363, 0.18855462918744, 0
1747, 0.74174350690575, 0.3243013378721, 0
1748, 0.72727526599243, 0.34708416169668, 0
1749, 0.71052662833869, 0.32289020798845, 0
1750, -0.74174350690575, -0.3243013378721, 0
1751, -0.72727526599243, -0.34708416169668, 0
1752, -0.71052662833869, -0.32289020798845, 0
1753, 0.70724303088465, -0.47206741737421, 0
1754, 0.67276027226387, -0.47206741737421, 0
1755, -0.70724303088465, 0.47206741737421, 0
1756, -0.67276027226387, 0.47206741737421, 0
1757, 0.40945438630372, -0.013667662870814, 0
1758, -0.40945438630372, 0.013667662870814, 0
1759, 0.7063683517454, -0.06894989874709, 0
1760, 0.71293947140373, -0.041505004404219, 0
1761, -0.7063683517454, 0.06894989874709, 0
1762, -0.71293947140373, 0.041505004404219, 0
1763, 0.048912902194323, 0.16185634773119, 0
1764, 0.060523980867373, 0.18888589464589, 0
1765, -0.048912902194323, -0.16185634773119, 0
1766, -0.060523980867373, -0.18888589464589, 0
1767, 0.74252506903922, 0.1981047851266, 0
1768, 0.75367779636692, 0.17189244282045, 0
1769, -0.74252506903922, -0.1981047851266, 0
1770, -0.75367779636692, -0.17189244282045, 0
1771, 0.48839924791446, -0.15560961343174, 0
1772, 0.49487251180706, -0.13029074898022, 0
1773, 0.47029821040779, -0.13816453920115, 0
1774, -0.48839924791446, 0.15560961343174, 0
1775, -0.49487251180706, 0.13029074898022, 0
1776, -0.47029821040779, 0.13816453920115, 0
1777, 0.50187824493586, -0.10608133336432, 0
1778, 0.50861860742752, -0.081265244879418, 0
1779, 0.48351183679205, -0.08802958626473, 0
1780, -0.50187824493586, 0.10608133336432, 0
1781, -0.50861860742752, 0.081265244879418, 0
1782, -0.48351183679205, 0.08802958626473, 0
1783, 0.45826499740418, -0.094756298637658, 0
1784, -0.45826499740418, 0.094756298637658, 0
1785, 0.69183426941203, -0.12363972801126, 0
1786, 0.69913720195711, -0.096395310242048, 0
1787, 0.67214937840128, -0.10399292928796, 0
1788, -0.69183426941203, 0.12363972801126, 0
1789, -0.69913720195711, 0.096395310242048, 0
1790, -0.67214937840128, 0.10399292928796, 0
1791, 0.41659768193613, 0.11930445151361, 0
1792, 0.41788346650211, 0.14413537710427, 0
1793, 0.39719130994906, 0.12845455992106, 0
1794, -0.41659768193613, -0.11930445151361, 0
1795, -0.41788346650211, -0.14413537710427, 0
1796, -0.39719130994906, -0.12845455992106, 0
1797, -0.49323341529703, -0.17389084223331, 0
1798, -0.50963223861965, -0.15574674164981, 0
1799, 0.49323341529703, 0.17389084223331, 0
1800, 0.50963223861965, 0.15574674164981, 0
1801, 0.48682431203438, 0.0053724248516508, 0
1802, -0.48682431203438, -0.0053724248516508, 0
1803, 0.69443371893031, 0.29926386885267, 0
1804, -0.69443371893031, -0.29926386885267, 0
1805, 0.51997928244253, -0.12352640759491, 0
1806, -0.51997928244253, 0.12352640759491, 0
1807, 0.048915953671979, -0.40741716084718, 0
1808, 0.012795780282543, -0.41619860769518, 0
1809, -0.048915953671979, 0.40741716084718, 0
1810, -0.012795780282543, 0.41619860769518, 0
1811, 0.23548854487884, -0.20921333373881, 0
1812, 0.25958928662898, -0.19201823933783, 0
1813, -0.23548854487884, 0.20921333373881, 0
1814, -0.25958928662898, 0.19201823933783, 0
1815, 0.65334490176929, -0.082418766224706, 0
1816, -0.65334490176929, 0.082418766224706, 0
1817, 0.97127577351092, 0.41641848635349, 0
1818, -0.97127577351092, -0.41641848635349, 0
1819, 0.50648677465687, -0.17386791160541, 0
1820, -0.50648677465687, 0.17386791160541, 0
1821, 0.46947154665042, 0.4775431298908, 0
1822, 0.47029841989713, 0.44371155280598, 0
1823, -0.46947154665042, -0.4775431298908, 0
1824, -0.47029841989713, -0.44371155280598, 0
1825, 0.50484800707678, 0.13054459546399, 0
1826, 0.52801341510237, 0.13850965264717, 0
1827, -0.50484800707678, -0.13054459546399, 0
1828, -0.52801341510237, -0.13850965264717, 0
1829, 0.48018723782039, 0.12431062963535, 0
1830, 0.49856841430311, 0.10707354063271, 0
1831, -0.48018723782039, -0.12431062963535, 0
1832, -0.49856841430311, -0.10707354063271, 0
1833, 0.78922506536756, 0.093566007129997, 0
1834, 0.77159879594962, 0.068337363134319, 0
1835, 0.79910449613952, 0.065722318758703, 0
1836, -0.78922506536756, -0.093566007129997, 0
1837, -0.77159879594962, -0.068337363134319, 0
1838, -0.79910449613952, -0.065722318758703, 0
1839, 0.76455599618944, 0.14492487987129, 0
1840, 0.77723416717813, 0.11868511735652, 0
1841, -0.76455599618944, -0.14492487987129, 0
1842, -0.77723416717813, -0.11868511735652, 0
1843, 0.020007808928667, -0.26733221154152, 0
1844, -0.020007808928667, 0.26733221154152, 0
1845, 0.28889253204202, -0.25612356801005, 0
1846, 0.28639273016689, -0.22928946232509, 0
1847, 0.26265819804558, -0.24893561965468, 0
1848, -0.28889253204202, 0.25612356801005, 0
1849, -0.28639273016689, 0.22928946232509, 0
1850, -0.26265819804558, 0.24893561965468, 0
1851, 0.46187833454162, 0.14138347658173, 0
1852, 0.45559874176795, 0.11791242175045, 0
1853, -0.46187833454162, -0.14138347658173, 0
1854, -0.45559874176795, -0.11791242175045, 0
1855, 0.45142323561265, -0.12130265052542, 0
1856, 0.44494997172005, -0.14662151497694, 0
1857, -0.45142323561265, 0.12130265052542, 0
1858, -0.44494997172005, 0.14662151497694, 0
1859, 0.610726348852, -0.44506862202052, 0
1860, -0.610726348852, 0.44506862202052, 0
1861, 0.67774392570745, -0.17697325093915, 0
1862, 0.68472552585607, -0.15082544882344, 0
1863, 0.65786484570757, -0.15738514917287, 0
1864, -0.67774392570745, 0.17697325093915, 0
1865, -0.68472552585607, 0.15082544882344, 0
1866, -0.65786484570757, 0.15738514917287, 0
1867, -0.14244851756124, -0.24362197025185, 0
1868, -0.15201577787412, -0.21667957635142, 0
1869, 0.14244851756124, 0.24362197025185, 0
1870, 0.15201577787412, 0.21667957635142, 0
1871, 0.43291675871644, -0.10321327441344, 0
1872, -0.43291675871644, 0.10321327441344, 0
1873, 0.69678579477312, 0.0061232020086048, 0
1874, 0.67671926153577, 0.025050446493507, 0
1875, -0.69678579477312, -0.0061232020086048, 0
1876, -0.67671926153577, -0.025050446493507, 0
1877, 0.40324031619533, 0.054126816754362, 0
1878, 0.41183996368455, 0.081566815251175, 0
1879, 0.38730587789386, 0.076183635833583, 0
1880, -0.40324031619533, -0.054126816754362, 0
1881, -0.41183996368455, -0.081566815251175, 0
1882, -0.38730587789386, -0.076183635833583, 0
1883, 0.24225472644169, 0.17149390391356, 0
1884, -0.24225472644169, -0.17149390391356, 0
1885, 0.38839745966707, -0.25669872975919, 0
1886, -0.38839745966707, 0.25669872975919, 0
1887, -0.38066685714841, -0.28233045434479, 0
1888, -0.38736558692075, -0.25733045441136, 0
1889, 0.38066685714841, 0.28233045434479, 0
1890, 0.38736558692075, 0.25733045441136, 0
1891, -0.36922924690993, -0.095851091194022, 0
1892, -0.37516067207702, -0.11698365185851, 0
1893, -0.34848439360386, -0.10921110872214, 0
1894, 0.36922924690993, 0.095851091194022, 0
1895, 0.37516067207702, 0.11698365185851, 0
1896, 0.34848439360386, 0.10921110872214, 0
1897, 0.49188512832028, 0.081860095160061, 0
1898, -0.49188512832028, -0.081860095160061, 0
1899, 0.13414460170084, 0.27251441258309, 0
1900, -0.13414460170084, -0.27251441258309, 0
1901, 0.4145380055472, -0.083374421265565, 0
1902, 0.39596419591025, -0.064612943173088, 0
1903, -0.4145380055472, 0.083374421265565, 0
1904, -0.39596419591025, 0.064612943173088, 0
1905, -0.082842442285745, -0.36839342948273, 0
1906, -0.051915894713658, -0.37183930465671, 0
1907, -0.058951634237447, -0.34268008877541, 0
1908, 0.082842442285746, 0.36839342948273, 0
1909, 0.051915894713658, 0.37183930465671, 0
1910, 0.058951634237447, 0.34268008877541, 0
1911, 0.51455095065687, -0.057705835152435, 0
1912, 0.52147972348836, -0.033774389809798, 0
1913, -0.51455095065687, 0.057705835152435, 0
1914, -0.52147972348836, 0.033774389809798, 0
1915, 0.86064002263899, 0.11339660429003, 0
1916, 0.82904438589267, 0.11260744613036, 0
1917, -0.86064002263899, -0.11339660429003, 0
1918, -0.82904438589267, -0.11260744613036, 0
1919, 0.53840443905341, -0.14222815290052, 0
1920, 0.54541017218221, -0.11801873728461, 0
1921, -0.53840443905341, 0.14222815290052, 0
1922, -0.54541017218221, 0.11801873728461, 0
1923, 0.32324564501641, -0.058660400315812, 0
1924, 0.33372551289503, -0.033347101976749, 0
1925, 0.30578391249937, -0.039165521986915, 0
1926, -0.32324564501641, 0.058660400315812, 0
1927, -0.33372551289503, 0.033347101976749, 0
1928, -0.30578391249937, 0.039165521986915, 0
1929, -0.20861583509442, -0.20447973533974, 0
1930, 0.20861583509442, 0.20447973533974, 0
1931, 0.397502050889, 0.030276138967935, 0
1932, -0.397502050889, -0.030276138967935, 0
1933, 0.30951648772526, -0.18975108783227, 0
1934, 0.30121797660527, -0.21397452274245, 0
1935, -0.30951648772526, 0.18975108783227, 0
1936, -0.30121797660527, 0.21397452274245, 0
1937, -0.40787950534488, -0.22457771170667, 0
1938, 0.40787950534488, 0.22457771170667, 0
1939, -0.29759272311439, -0.23259838096777, 0
1940, -0.30439985139269, -0.20629982397735, 0
1941, 0.29759272311439, 0.23259838096777, 0
1942, 0.30439985139269, 0.20629982397735, 0
1943, 0.28954391865929, -0.28840244496541, 0
1944, -0.28954391865929, 0.28840244496541, 0
1945, 0.35838585879978, -0.027208210724558, 0
1946, 0.34092412628274, -0.0077133323956621, 0
1947, -0.35838585879978, 0.027208210724558, 0
1948, -0.34092412628274, 0.0077133323956621, 0
1949, 0.23748208706898, -0.23867286003435, 0
1950, 0.21281223577737, -0.22578467980344, 0
1951, -0.23748208706898, 0.23867286003435, 0
1952, -0.21281223577737, 0.22578467980344, 0
1953, 0.37025236799924, -0.071461950155547, 0
1954, 0.34445876965893, -0.078838661482466, 0
1955, -0.37025236799924, 0.071461950155547, 0
1956, -0.34445876965893, 0.078838661482466, 0
1957, 0.72605324275614, -0.088596697470388, 0
1958, -0.72605324275614, 0.088596697470388, 0
1959, 0.62271817132618, -0.41923859813199, 0
1960, 0.6486247245406, -0.41889235669301, 0
1961, -0.62271817132618, 0.41923859813199, 0
1962, -0.6486247245406, 0.41889235669301, 0
1963, 0.33590141578405, 0.26955687036871, 0
1964, 0.3164964363541, 0.25096922785077, 0
1965, 0.34192873486687, 0.24607326617163, 0
1966, -0.33590141578405, -0.26955687036871, 0
1967, -0.3164964363541, -0.25096922785077, 0
1968, -0.34192873486687, -0.24607326617163, 0
1969, -0.57499999984839, -0.2066987297235, 0
1970, 0.57499999984839, 0.2066987297235, 0
1971, 0.97440731663916, -0.082409860824834, 0
1972, -0.97440731663916, 0.082409860824834, 0
1973, 0.58976512880965, -0.22091289107474, 0
1974, -0.58976512880965, 0.22091289107474, 0
1975, 0.79155050265597, -0.32804106046159, 0
1976, 0.76164599595086, -0.33629797322935, 0
1977, 0.78156149934139, -0.35811691243923, 0
1978, -0.79155050265597, 0.32804106046159, 0
1979, -0.76164599595086, 0.33629797322935, 0
1980, -0.78156149934139, 0.35811691243923, 0
1981, 0.97440731663916, -0.049076527491593, 0
1982, -0.97440731663916, 0.049076527491593, 0
1983, 0.55213948530837, -0.094267752696164, 0
1984, -0.55213948530837, 0.094267752696164, 0
1985, 0.31651716926327, -0.084657081492633, 0
1986, 0.29084205013101, -0.089984652562548, 0
1987, 0.31205517477354, -0.1101629137292, 0
1988, -0.31651716926327, 0.084657081492633, 0
1989, -0.29084205013101, 0.089984652562548, 0
1990, -0.31205517477354, 0.1101629137292, 0
1991, -0.87666326478064, -0.46827111333107, 0
1992, -0.91114602340123, -0.46827111333107, 0
1993, 0.87666326478064, 0.46827111333107, 0
1994, 0.91114602340123, 0.46827111333107, 0
1995, 0.65887620749313, 0.15951807917122, 0
1996, -0.65887620749313, -0.15951807917122, 0
1997, -0.80127516105599, -0.32073672390614, 0
1998, -0.81486201366226, -0.29631277515481, 0
1999, 0.80127516105599, 0.32073672390614, 0
2000, 0.81486201366226, 0.29631277515481, 0
2001, 0.36062959942071, 0.068411092697209, 0
2002, -0.36062959942071, -0.068411092697209, 0
2003, 0.70284975638861, 0.22634846070513, 0
2004, -0.70284975638861, -0.22634846070513, 0
2005, 0.32275143862428, 0.10806193832191, 0
2006, -0.32275143862428, -0.10806193832191, 0
2007, 0.39094117178042, 0.0051170997278138, 0
2008, 0.38409768671078, -0.0203592037421, 0
2009, -0.39094117178042, -0.0051170997278138, 0
2010, -0.38409768671078, 0.0203592037421, 0
2011, 0.53291735880068, -0.075757582252026, 0
2012, -0.53291735880068, 0.075757582252026, 0
2013, 0.71171334941191, -0.14322782977753, 0
2014, -0.71171334941191, 0.14322782977753, 0
2015, 0.72316143297299, -0.43946894377047, 0
2016, 0.70032834829772, -0.42069870802459, 0
2017, -0.72316143297299, 0.43946894377047, 0
2018, -0.70032834829772, 0.42069870802459, 0
2019, 0.37689907332308, -0.045992973323186, 0
2020, -0.37689907332308, 0.045992973323186, 0
2021, 0.23998188894411, -0.2655069657193, 0
2022, -0.23998188894411, 0.2655069657193, 0
2023, -0.60944030076346, -0.47359655223117, 0
2024, -0.64392305938405, -0.47359655223117, 0
2025, 0.60944030076346, 0.47359655223117, 0
2026, 0.64392305938405, 0.47359655223117, 0
2027, 0.62190548137122, -0.18767936666935, 0
2028, 0.63229703101723, -0.16198841476409, 0
2029, -0.62190548137122, 0.18767936666935, 0
2030, -0.63229703101723, 0.16198841476409, 0
2031, 0.15471391998288, 0.29377783323149, 0
2032, 0.12619116829585, 0.30112718365536, 0
2033, -0.15471391998288, -0.29377783323149, 0
2034, -0.12619116829585, -0.30112718365536, 0
2035, 0.86072539593331, -0.079378332071991, 0
2036, 0.85200708428176, -0.10940583333022, 0
2037, -0.86072539593331, 0.079378332071991, 0
2038, -0.85200708428176, 0.10940583333022, 0
2039, 0.25452986187169, -0.47249889556265, 0
2040, -0.25452986187169, 0.47249889556265, 0
2041, 0.74131611734276, -0.030577837534679, 0
2042, 0.72097119620205, -0.010931555963468, 0
2043, -0.74131611734276, 0.030577837534679, 0
2044, -0.72097119620205, 0.010931555963468, 0
2045, 0.80473986736802, 0.11607007298091, 0
2046, -0.80473986736802, -0.11607007298091, 0
2047, 0.78187076935607, 0.16815674615659, 0
2048, -0.78187076935607, -0.16815674615659, 0
2049, -0.29156540403156, -0.25608198516485, 0
2050, 0.29156540403156, 0.25608198516485, 0
2051, 0.4454166152922, 0.15408176685964, 0
2052, -0.4454166152922, -0.15408176685964, 0
2053, -0.37214535129606, -0.023584598096649, 0
2054, 0.37214535129606, 0.023584598096649, 0
2055, 0.73104168603646, 0.22434968450736, 0
2056, 0.75950918653078, 0.22136920848651, 0
2057, -0.73104168603646, -0.22434968450736, 0
2058, -0.75950918653078, -0.22136920848651, 0
2059, 0.97347380056151, -0.38296488059511, 0
2060, 0.97347380056151, -0.41629821392835, 0
2061, -0.97347380056151, 0.38296488059511, 0
2062, -0.97347380056151, 0.41629821392835, 0
2063, 0.59839790147156, 0.17311962153862, 0
2064, 0.61770678233769, 0.1819295439126, 0
2065, -0.59839790147156, -0.17311962153862, 0
2066, -0.61770678233769, -0.1819295439126, 0
2067, 0.12239444413727, -0.35270211957999, 0
2068, 0.097867907227073, -0.33942695423699, 0
2069, 0.10042505086308, -0.37198116472626, 0
2070, -0.12239444413727, 0.35270211957999, 0
2071, -0.097867907227073, 0.33942695423699, 0
2072, -0.10042505086308, 0.37198116472626, 0
2073, 0.55807182853771, -0.070708342969181, 0
2074, -0.55807182853771, 0.070708342969181, 0
2075, 0.72516244071215, 0.017050368878145, 0
2076, -0.72516244071215, -0.017050368878145, 0
2077, 0.76511939525867, -0.23044419639427, 0
2078, 0.79257151930903, -0.22286897554279, 0
2079, 0.7721423245711, -0.20257922054586, 0
2080, -0.76511939525867, 0.23044419639427, 0
2081, -0.79257151930903, 0.22286897554279, 0
2082, -0.7721423245711, 0.20257922054586, 0
2083, 0.38839745962156, -0.34330127007402, 0
2084, -0.38839745962156, 0.34330127007402, 0
2085, 0.37122817973739, -0.47480618905124, 0
2086, -0.37122817973739, 0.47480618905124, 0
2087, 0.15860401030541, -0.47211828821332, 0
2088, -0.15860401030541, 0.47211828821332, 0
2089, 0.71731772021909, -0.21821546386611, 0
2090, 0.73696551195374, -0.23740697777003, 0
2091, -0.71731772021909, 0.21821546386611, 0
2092, -0.73696551195374, 0.23740697777003, 0
2093, 0.92278746729726, 0.28328888588981, 0
2094, -0.92278746729726, -0.28328888588981, 0
2095, 0.75375026045099, -0.080877915248503, 0
2096, 0.78189189068127, -0.07384568077393, 0
2097, 0.76142602277471, -0.054119051500858, 0
2098, -0.75375026045099, 0.080877915248503, 0
2099, -0.78189189068127, 0.07384568077393, 0
2100, -0.76142602277471, 0.054119051500858, 0
2101, 0.74651911066271, -0.10832332674346, 0
2102, -0.74651911066271, 0.10832332674346, 0
2103, 0.24506050382486, -0.35208922488946, 0
2104, 0.26963459938239, -0.36461310041329, 0
2105, -0.24506050382486, 0.35208922488946, 0
2106, -0.26963459938239, 0.36461310041329, 0
2107, 0.11831933419371, 0.33081240895259, 0
2108, 0.097750015911669, 0.3095489883042, 0
2109, -0.11831933419371, -0.33081240895259, 0
2110, -0.097750015911669, -0.3095489883042, 0
2111, 0.76945774757304, -0.023545603060107, 0
2112, -0.76945774757304, 0.023545603060107, 0
2113, 0.21098256865144, 0.27832194728576, 0
2114, 0.18318945598245, 0.28563907668204, 0
2115, -0.21098256865144, -0.27832194728576, 0
2116, -0.18318945598245, -0.28563907668204, 0
2117, 0.1964767498525, -0.32897026685936, 0
2118, 0.19716013759201, -0.35796730321483, 0
2119, 0.22053836185686, -0.34021256638013, 0
2120, -0.1964767498525, 0.32897026685936, 0
2121, -0.19716013759201, 0.35796730321483, 0
2122, -0.22053836185686, 0.34021256638013, 0
2123, 0.67041424273819, -0.20490471881173, 0
2124, 0.6972749228867, -0.19834501846231, 0
2125, -0.67041424273819, 0.20490471881173, 0
2126, -0.6972749228867, 0.19834501846231, 0
2127, 0.81050683779085, -0.066572409333272, 0
2128, 0.83953211970587, -0.053922551518041, 0
2129, 0.81859293492, -0.034436959211054, 0
2130, -0.81050683779085, 0.066572409333272, 0
2131, -0.83953211970587, 0.053922551518041, 0
2132, -0.81859293492, 0.034436959211054, 0
2133, 0.81176049309734, 0.16264782879361, 0
2134, 0.80088229327482, 0.18961539174277, 0
2135, -0.81176049309734, -0.16264782879361, 0
2136, -0.80088229327482, -0.18961539174277, 0
2137, 0.48970074535796, 0.044488036156953, 0
2138, 0.49488495892176, 0.024518609949376, 0
2139, 0.51504682515764, 0.042911189308473, 0
2140, -0.48970074535796, -0.044488036156953, 0
2141, -0.49488495892176, -0.024518609949376, 0
2142, -0.51504682515764, -0.042911189308473, 0
2143, 0.38966861540025, -0.4463784708962, 0
2144, -0.38966861540025, 0.4463784708962, 0
2145, 0.8941995486466, -0.047292654480461, 0
2146, -0.8941995486466, 0.047292654480461, 0
2147, 0.21729798766356, 0.37611484622515, 0
2148, 0.21285163276438, 0.39935810199285, 0
2149, 0.18633427169672, 0.38231450688143, 0
2150, -0.21729798766356, -0.37611484622515, 0
2151, -0.21285163276438, -0.39935810199285, 0
2152, -0.18633427169672, -0.38231450688143, 0
2153, -0.35536717951672, -0.29065811148821, 0
2154, 0.35536717951672, 0.29065811148821, 0
2155, 0.17226299565153, -0.31767496977272, 0
2156, 0.14563238310834, -0.30438642247105, 0
2157, 0.14646791304446, -0.33343645639239, 0
2158, -0.17226299565153, 0.31767496977272, 0
2159, -0.14563238310834, 0.30438642247105, 0
2160, -0.14646791304446, 0.33343645639239, 0
2161, 0.18755334812002, -0.15533263977404, 0
2162, -0.18755334812002, 0.15533263977404, 0
2163, 0.61228970924799, -0.24340530906012, 0
2164, 0.61545229762184, -0.21431820003552, 0
2165, -0.61228970924799, 0.24340530906012, 0
2166, -0.61545229762184, 0.21431820003552, 0
2167, 0.72464740318835, -0.19028399599353, 0
2168, -0.72464740318835, 0.19028399599353, 0
2169, 0.80283107546714, -0.093331273080917, 0
2170, -0.80283107546714, 0.093331273080917, 0
2171, 0.61830127016576, -0.31830127021482, 0
2172, -0.61830127016576, 0.31830127021482, 0
2173, 0.86881149306247, -0.047242881949773, 0
2174, -0.86881149306247, 0.047242881949773, 0
2175, 0.92656478233964, -0.19352686030566, 0
2176, 0.94848261743112, -0.1671814514754, 0
2177, -0.92656478233964, 0.19352686030566, 0
2178, -0.94848261743112, 0.1671814514754, 0
2179, 0.32993488100395, 0.29555407316735, 0
2180, -0.32993488100395, -0.29555407316735, 0
2181, -0.13938924791133, -0.35225969219923, 0
2182, -0.11094809552716, -0.36068149684806, 0
2183, 0.13938924791133, 0.35225969219923, 0
2184, 0.11094809552716, 0.36068149684807, 0
2185, 0.65827045775647, 0.039553503295547, 0
2186, -0.65827045775647, -0.039553503295547, 0
2187, 0.17523602257746, 0.31425184775431, 0
2188, -0.17523602257746, -0.31425184775431, 0
2189, 0.64443006180956, -0.21017178465474, 0
2190, -0.64443006180956, 0.21017178465474, 0
2191, -0.26508677695013, -0.26293096758544, 0
2192, -0.23788272091713, -0.26934080012784, 0
2193, 0.26508677695013, 0.26293096758544, 0
2194, 0.23788272091713, 0.26934080012784, 0
2195, 0.074913921996976, -0.39361561957523, 0
2196, -0.074913921996976, 0.39361561957523, 0
2197, 0.21733037604243, -0.28322986806182, 0
2198, 0.19311662184146, -0.27193457097518, 0
2199, 0.19564121991638, -0.29992023293803, 0
2200, -0.21733037604243, 0.28322986806182, 0
2201, -0.19311662184146, 0.27193457097518, 0
2202, -0.19564121991638, 0.29992023293803, 0
2203, 0.75739470669167, -0.25769673276697, 0
2204, -0.75739470669167, 0.25769673276697, 0
2205, 0.92248485526446, 0.31664374394776, 0
2206, -0.92248485526446, -0.31664374394776, 0
2207, -0.64737350068162, -0.42028286803987, 0
2208, -0.61816715618998, -0.4218734155127, 0
2209, 0.64737350068162, 0.42028286803987, 0
2210, 0.61816715618998, 0.4218734155127, 0
2211, 0.7504379113261, -0.28544081769722, 0
2212, 0.77859179463102, -0.27847803632146, 0
2213, -0.7504379113261, 0.28544081769722, 0
2214, -0.77859179463102, 0.27847803632146, 0
2215, 0.040637378617465, -0.284756191383, 0
2216, -0.040637378617465, 0.284756191383, 0
2217, 0.81974449040198, -0.32151012142435, 0
2218, 0.8406870708468, -0.34337685220418, 0
2219, 0.84896555520227, -0.31502697395707, 0
2220, -0.81974449040198, 0.32151012142435, 0
2221, -0.8406870708468, 0.34337685220418, 0
2222, -0.84896555520227, 0.31502697395707, 0
2223, 0.24250648701903, -0.29349262768215, 0
2224, -0.24250648701903, 0.29349262768215, 0
2225, 0.71983387388016, 0.24961288406504, 0
2226, -0.71983387388016, -0.24961288406504, 0
2227, 0.23061171084272, 0.29713194404695, 0
2228, 0.25301345411294, 0.31233312452457, 0
2229, 0.22611330184726, 0.3213142716825, 0
2230, -0.23061171084272, -0.29713194404695, 0
2231, -0.25301345411294, -0.31233312452457, 0
2232, -0.22611330184726, -0.3213142716825, 0
2233, -0.28399049018984, -0.28130181446843, 0
2234, 0.28399049018984, 0.28130181446843, 0
2235, 0.79982898701145, -0.29969118221448, 0
2236, -0.79982898701145, 0.29969118221448, 0
2237, 0.80678578237703, -0.27194709728423, 0
2238, -0.80678578237703, 0.27194709728423, 0
2239, 0.73202155798634, -0.16287044544633, 0
2240, 0.7391303015423, -0.13568472463414, 0
2241, -0.73202155798634, 0.16287044544633, 0
2242, -0.7391303015423, 0.13568472463414, 0
2243, 0.94209264880757, -0.36550590126519, 0
2244, -0.94209264880757, 0.36550590126519, 0
2245, 0.73651033639002, 0.27386074601557, 0
2246, 0.70831840674216, 0.27585952221334, 0
2247, -0.73651033639002, -0.27386074601557, 0
2248, -0.70831840674216, -0.27585952221334, 0
2249, -0.85762573896594, -0.44083728838238, 0
2250, 0.85762573896594, 0.44083728838238, 0
2251, 0.58479968302914, 0.18642588030463, 0
2252, 0.58319758466592, 0.15954550193815, 0
2253, -0.58479968302914, -0.18642588030463, 0
2254, -0.58319758466592, -0.15954550193815, 0
2255, 0.67569080682696, -0.41834039732072, 0
2256, 0.66328204844923, -0.44468679412072, 0
2257, -0.67569080682696, 0.41834039732072, 0
2258, -0.66328204844923, 0.44468679412072, 0
2259, 0.8719525624236, -0.41367297558057, 0
2260, 0.83698455788438, -0.41721004826929, 0
2261, -0.8719525624236, 0.41367297558057, 0
2262, -0.83698455788438, 0.41721004826929, 0
2263, 0.63927863116586, -0.13584061264838, 0
2264, 0.6460419692242, -0.10966318399392, 0
2265, -0.63927863116586, 0.13584061264838, 0
2266, -0.6460419692242, 0.10966318399392, 0
2267, 0.14902505668047, -0.36599066688166, 0
2268, -0.14902505668047, 0.36599066688166, 0
2269, 0.29312401848755, -0.34706510237584, 0
2270, 0.29385935981659, -0.37670935574581, 0
2271, -0.29312401848755, 0.34706510237584, 0
2272, -0.29385935981659, 0.37670935574581, 0
2273, 0.63464586283438, -0.30768420677626, 0
2274, -0.63464586283438, 0.30768420677626, 0
2275, -0.77100132805599, -0.32190350709207, 0
2276, -0.78876597755948, -0.3473285083944, 0
2277, 0.77100132805599, 0.32190350709207, 0
2278, 0.78876597755948, 0.3473285083944, 0
2279, 0.34776862656829, 0.017901280606381, 0
2280, 0.32310828066355, 0.01176238935419, 0
2281, -0.34776862656829, -0.017901280606381, 0
2282, -0.32310828066355, -0.01176238935419, 0
2283, 0.75425269040226, 0.29770955338384, 0
2284, -0.75425269040226, -0.29770955338384, 0
2285, 0.61634459266862, -0.28938293656143, 0
2286, -0.61634459266862, 0.28938293656143, 0
2287, 0.4396439468583, -0.17516140376021, 0
2288, -0.4396439468583, 0.17516140376021, 0
2289, -0.33625287469293, -0.062727775206941, 0
2290, -0.35432950567687, -0.043060319846502, 0
2291, 0.33625287469293, 0.062727775206941, 0
2292, 0.35432950567687, 0.043060319846502, 0
2293, -0.79664652384449, -0.26892563212813, 0
2294, 0.79664652384449, 0.26892563212813, 0
2295, -0.032750565360443, -0.44977805626206, 0
2296, -0.050836436303227, -0.47673398953047, 0
2297, 0.032750565360443, 0.44977805626206, 0
2298, 0.050836436303227, 0.47673398953047, 0
2299, 0.97735013089053, -0.21718145147526, 0
2300, 0.9516230223322, -0.23202848346132, 0
2301, -0.97735013089053, 0.21718145147526, 0
2302, -0.9516230223322, 0.23202848346132, 0
2303, 0.76576815754026, 0.27146291523554, 0
2304, -0.76576815754026, -0.27146291523554, 0
2305, 0.97735013089053, -0.18384811814202, 0
2306, -0.97735013089053, 0.18384811814202, 0
2307, -0.070343492296273, -0.21616740225579, 0
2308, -0.10142717704493, -0.20735995099331, 0
2309, 0.070343492296273, 0.21616740225579, 0
2310, 0.10142717704493, 0.20735995099331, 0
2311, 0.77951647936909, -0.17516566999866, 0
2312, 0.75206435531874, -0.18274089085013, 0
2313, -0.77951647936909, 0.17516566999866, 0
2314, -0.75206435531874, 0.18274089085013, 0
2315, 0.37035258575537, -0.4200521346432, 0
2316, -0.37035258575537, 0.4200521346432, 0
2317, 0.76682731923714, -0.12796594241225, 0
2318, -0.76682731923714, 0.12796594241225, 0
2319, 0.012056339821149, 0.42399618828113, 0
2320, 0.046495888443789, 0.42768611108001, 0
2321, -0.012056339821149, -0.42399618828113, 0
2322, -0.046495888443789, -0.42768611108001, 0
2323, -0.21927971461732, 0.044034453527077, 0
2324, -0.24262304464365, 0.024155016776986, 0
2325, 0.21927971461732, -0.044034453527077, 0
2326, 0.24262304464365, -0.024155016776986, 0
2327, -0.23346259092394, 0.070832831392237, 0
2328, 0.23346259092394, -0.070832831392237, 0
2329, 0.8180718352971, -0.24068094584811, 0
2330, 0.82509476460953, -0.2128159699997, 0
2331, -0.8180718352971, 0.24068094584811, 0
2332, -0.82509476460953, 0.2128159699997, 0
2333, 0.82310648979325, -0.11367259006086, 0
2334, 0.84366755149829, -0.13702042175082, 0
2335, -0.82310648979325, 0.11367259006086, 0
2336, -0.84366755149829, 0.13702042175082, 0
2337, 0.72209324021746, -0.35741452953492, 0
2338, 0.73798603533106, -0.3397903689278, 0
2339, 0.70842228291226, -0.33083107325573, 0
2340, -0.72209324021746, 0.35741452953492, 0
2341, -0.73798603533106, 0.3397903689278, 0
2342, -0.70842228291226, 0.33083107325573, 0
2343, -0.66269028727881, -0.44625821735673, 0
2344, 0.66269028727881, 0.44625821735673, 0
2345, 0.79038755283501, 0.2188319253791, 0
2346, -0.79038755283501, -0.2188319253791, 0
2347, 0.75166588754578, 0.076078198895837, 0
2348, -0.75166588754578, -0.076078198895837, 0
2349, -0.29092736696624, -0.42503581697262, 0
2350, 0.29092736696624, 0.42503581697262, 0
2351, -0.18755535532643, 0.12603096752624, 0
2352, -0.2165731884439, 0.11735916385713, 0
2353, 0.18755535532643, -0.12603096752624, 0
2354, 0.2165731884439, -0.11735916385713, 0
2355, 0.83930902767753, -0.26189409174113, 0
2356, -0.83930902767753, 0.26189409174113, 0
2357, 0.17998699806884, -0.44025057256572, 0
2358, -0.17998699806884, 0.44025057256572, 0
2359, 0.97606433995752, -0.47601559914214, 0
2360, 0.94158158133673, -0.47601559914214, 0
2361, -0.97606433995752, 0.47601559914214, 0
2362, -0.94158158133673, 0.47601559914214, 0
2363, 0.77890416983225, 0.24507682475986, 0
2364, -0.77890416983225, -0.24507682475986, 0
2365, -0.11981222856515, -0.47218986332159, 0
2366, 0.11981222856515, 0.47218986332159, 0
2367, 0.97606433995752, -0.4426822658089, 0
2368, -0.97606433995752, 0.4426822658089, 0
2369, 0.70104285157637, -0.29952699260119, 0
2370, 0.7267779507063, -0.28893321339566, 0
2371, -0.70104285157637, 0.29952699260119, 0
2372, -0.7267779507063, 0.28893321339566, 0
2373, 0.64699373047998, 0.18538233189733, 0
2374, -0.64699373047998, -0.18538233189733, 0
2375, -0.16877055658689, -0.34073092770874, 0
2376, -0.16139931792034, -0.37060001560422, 0
2377, 0.16877055658689, 0.34073092770874, 0
2378, 0.16139931792034, 0.37060001560422, 0
2379, -0.020211644689744, -0.16756538282482, 0
2380, -0.020168240762825, -0.19939628564454, 0
2381, 0.020211644689744, 0.16756538282482, 0
2382, 0.020168240762825, 0.19939628564454, 0
2383, 0.19145501262541, -0.24354039644745, 0
2384, 0.16976585649936, -0.26023076132366, 0
2385, -0.19145501262541, 0.24354039644745, 0
2386, -0.16976585649936, 0.26023076132366, 0
2387, 0.27498364260883, -0.20678657438708, 0
2388, -0.27498364260883, 0.20678657438708, 0
2389, 0.15350654011625, -0.27491179796466, 0
2390, 0.12771145750917, -0.29067328458432, 0
2391, -0.15350654011625, 0.27491179796466, 0
2392, -0.12771145750917, 0.29067328458432, 0
2393, 0.74548012602749, 0.027985478596066, 0
2394, -0.74548012602749, -0.027985478596066, 0
2395, -0.40881695413922, -0.37515178783621, 0
2396, 0.40881695413922, 0.37515178783621, 0
2397, 0.85770383082822, -0.28625490519525, 0
2398, -0.85770383082822, 0.28625490519525, 0
2399, 0.05330225328652, -0.31191263740703, 0
2400, 0.062544597223059, -0.28399129990934, 0
2401, -0.05330225328652, 0.31191263740703, 0
2402, -0.062544597223059, 0.28399129990934, 0
2403, -0.19724609258647, -0.3325921711593, 0
2404, 0.19724609258647, 0.3325921711593, 0
2405, 0.19120471451835, 0.18482512055354, 0
2406, 0.21801867559913, 0.17802458153493, 0
2407, -0.19120471451835, -0.18482512055354, 0
2408, -0.21801867559913, -0.17802458153493, 0
2409, -0.21964783585668, -0.34779335163693, 0
2410, 0.21964783585668, 0.34779335163693, 0
2411, 0.78710273356326, -0.14830725939219, 0
2412, 0.79449154268367, -0.12094586150151, 0
2413, -0.78710273356326, 0.14830725939219, 0
2414, -0.79449154268367, 0.12094586150151, 0
2415, 0.81948692029394, 0.019432559146962, 0
2416, 0.8254482181824, -0.01052124208333, 0
2417, -0.81948692029394, -0.019432559146962, 0
2418, -0.8254482181824, 0.01052124208333, 0
2419, 0.074284244447033, 0.31789183586321, 0
2420, -0.074284244447033, -0.31789183586321, 0
2421, 0.60964586288652, -0.2643829366111, 0
2422, -0.60964586288652, 0.2643829366111, 0
2423, 0.80718070281562, -0.16814558908792, 0
2424, -0.80718070281562, 0.16814558908792, 0
2425, 0.76541303443133, 0.020244642834549, 0
2426, 0.76154531831774, 0.048234510524543, 0
2427, -0.76541303443133, -0.020244642834549, 0
2428, -0.76154531831774, -0.048234510524543, 0
2429, 0.5077027898959, -0.44709196483619, 0
2430, 0.49770026374443, -0.47313793097897, 0
2431, -0.5077027898959, 0.44709196483619, 0
2432, -0.49770026374443, 0.47313793097897, 0
2433, -0.50395430527101, -0.4775431298908, 0
2434, -0.5138279147764, -0.45127387349026, 0
2435, 0.50395430527101, 0.4775431298908, 0
2436, 0.5138279147764, 0.45127387349026, 0
2437, 0.74797503864565, -0.30971451695016, 0
2438, -0.74797503864565, 0.30971451695016, 0
2439, -0.94087110021833, -0.475673234867, 0
2440, -0.97535385883892, -0.475673234867, 0
2441, 0.94087110021833, 0.475673234867, 0
2442, 0.97535385883892, 0.475673234867, 0
2443, 0.085329804320556, -0.29267451485076, 0
2444, -0.085329804320556, 0.29267451485076, 0
2445, -0.51849429916123, -0.42373074359946, 0
2446, 0.51849429916123, 0.42373074359946, 0
2447, 0.51862321580598, -0.42395403385722, 0
2448, -0.51862321580598, 0.42395403385722, 0
2449, -0.47677169604762, -0.18658913251122, 0
2450, 0.47677169604762, 0.18658913251122, 0
2451, -0.97535385883892, -0.44233990153358, 0
2452, 0.97535385883892, 0.44233990153358, 0
2453, 0.18687937633054, 0.096768792234199, 0
2454, 0.17841642731235, 0.064451739474694, 0
2455, -0.18687937633054, -0.096768792234199, 0
2456, -0.17841642731235, -0.064451739474694, 0
2457, 0.52259039324623, -0.1878015390741, 0
2458, -0.52259039324623, 0.1878015390741, 0
2459, 0.26702862898703, -0.30536928619148, 0
2460, 0.29141454772561, -0.31800200581726, 0
2461, -0.26702862898703, 0.30536928619148, 0
2462, -0.29141454772561, 0.31800200581726, 0
2463, -0.47000511134465, -0.16047997474454, 0
2464, 0.47000511134465, 0.16047997474454, 0
2465, -0.27006662717988, 0.056987236959498, 0
2466, -0.28544820958384, 0.043438453422845, 0
2467, -0.26021079214297, 0.035946870056365, 0
2468, 0.27006662717988, -0.056987236959498, 0
2469, 0.28544820958384, -0.043438453422845, 0
2470, 0.26021079214297, -0.035946870056365, 0
2471, 0.24437711608535, -0.323092188534, 0
2472, -0.24437711608535, 0.323092188534, 0
2473, 0.59412906976072, -0.020030093334563, 0
2474, -0.59412906976072, 0.020030093334563, 0
2475, -0.25457401031898, 0.067750919862922, 0
2476, -0.27981142775985, 0.075242503229402, 0
2477, 0.25457401031898, -0.067750919862922, 0
2478, 0.27981142775985, -0.075242503229402, 0
2479, -0.151071214484, -0.074054156887334, 0
2480, 0.151071214484, 0.074054156887334, 0
2481, 0.5290771679031, -0.16166945067951, 0
2482, -0.5290771679031, 0.16166945067951, 0
2483, -0.26006872041618, -0.42056513177661, 0
2484, 0.26006872041618, 0.42056513177661, 0
2485, -0.47496480428196, -0.41616842291518, 0
2486, -0.44996480433454, -0.40946969313476, 0
2487, 0.47496480428196, 0.41616842291518, 0
2488, 0.44996480433454, 0.40946969313476, 0
2489, 0.83606501162199, 0.15918520194307, 0
2490, 0.86398712328255, 0.14840383881136, 0
2491, -0.83606501162199, -0.15918520194307, 0
2492, -0.86398712328255, -0.14840383881136, 0
2493, -0.74315381087072, -0.42137576491317, 0
2494, 0.74315381087072, 0.42137576491317, 0
2495, -0.085319194923821, -0.47673398953047, 0
2496, 0.085319194923821, 0.47673398953047, 0
2497, 0.51217039183406, 0.0037955780031708, 0
2498, -0.51217039183406, -0.0037955780031708, 0
2499, 0.93072835554845, -0.21779776106789, 0
2500, 0.92765111609959, -0.24879667491277, 0
2501, -0.93072835554845, 0.21779776106789, 0
2502, -0.92765111609959, 0.24879667491277, 0
2503, 0.884783517676, -0.35768370574518, 0
2504, 0.91844829809852, -0.35511120738033, 0
2505, -0.884783517676, 0.35768370574518, 0
2506, -0.91844829809852, 0.35511120738033, 0
2507, -0.60843840418651, -0.44651857876424, 0
2508, 0.60843840418651, 0.44651857876424, 0
2509, 0.31803158445957, 0.080439300533499, 0
2510, 0.31173149071573, 0.055088527682791, 0
2511, -0.31803158445957, -0.080439300533499, 0
2512, -0.31173149071573, -0.055088527682791, 0
2513, -0.026913374784927, -0.37401510352423, 0
2514, -0.00094954280080218, -0.39410666251313, 0
2515, 0.026913374784927, 0.37401510352423, 0
2516, 0.00094954280080225, 0.39410666251313, 0
2517, 0.27081355538389, 0.32429306388005, 0
2518, 0.29975568929325, 0.33109921199502, 0
2519, -0.27081355538389, -0.32429306388005, 0
2520, -0.29975568929325, -0.33109921199502, 0
2521, -0.36403221439772, -0.24385892551314, 0
2522, -0.39006408702166, -0.23652847123493, 0
2523, 0.36403221439772, 0.24385892551314, 0
2524, 0.39006408702166, 0.23652847123493, 0
2525, -0.13481325821937, -0.098385908015963, 0
2526, -0.16084537798204, -0.11134284186432, 0
2527, 0.13481325821937, 0.098385908015963, 0
2528, 0.16084537798204, 0.11134284186432, 0
2529, 0.77631303083543, 0.00037011406761794, 0
2530, 0.79237822312568, 0.020619145996094, 0
2531, -0.77631303083543, -0.00037011406761794, 0
2532, -0.79237822312568, -0.020619145996094, 0
2533, 0.8689898837483, -0.25498875375913, 0
2534, -0.8689898837483, 0.25498875375913, 0
2535, -0.83309327138076, -0.42090117329861, 0
2536, 0.83309327138076, 0.42090117329861, 0
2537, 0.3215249802508, -0.16898047475175, 0
2538, -0.3215249802508, 0.16898047475175, 0
2539, 0.11737709568071, 0.1925517946291, 0
2540, 0.13335693573496, 0.16984403536516, 0
2541, 0.13820952178886, 0.19937111908055, 0
2542, -0.11737709568071, -0.1925517946291, 0
2543, -0.13335693573496, -0.16984403536516, 0
2544, -0.13820952178886, -0.19937111908055, 0
2545, 0.55541293999269, 0.016903749828099, 0
2546, 0.57523816374996, -0.00073424457684682, 0
2547, -0.55541293999269, -0.016903749828099, 0
2548, -0.57523816374996, 0.00073424457684682, 0
2549, 0.48812929752849, 0.063745762168353, 0
2550, 0.46796743129261, 0.045353182809256, 0
2551, -0.48812929752849, -0.063745762168353, 0
2552, -0.46796743129261, -0.045353182809256, 0
2553, 0.67775725642046, 0.27501600690214, 0
2554, -0.67775725642046, -0.27501600690214, 0
2555, 0.81705348770324, 0.13772655635688, 0
2556, -0.81705348770324, -0.13772655635688, 0
2557, 0.10764371862513, -0.29717459642943, 0
2558, 0.11551787563304, -0.26769997192304, 0
2559, -0.10764371862513, 0.29717459642943, 0
2560, -0.11551787563304, 0.26769997192304, 0
2561, -0.49533361561517, -0.4275431298908, 0
2562, 0.49533361561517, 0.4275431298908, 0
2563, 0.79642293626738, -0.023171099898561, 0
2564, -0.79642293626738, 0.023171099898561, 0
2565, 0.85987946650479, -0.15494652595969, 0
2566, -0.85987946650479, 0.15494652595969, 0
2567, -0.22523238344064, -0.421104527697, 0
2568, -0.1942686674738, -0.42730418835328, 0
2569, 0.22523238344064, 0.421104527697, 0
2570, 0.1942686674738, 0.42730418835328, 0
2571, 0.17431584494604, -0.37200191496398, 0
2572, -0.17431584494604, 0.37200191496398, 0
2573, 0.28842864821756, 0.047077433394394, 0
2574, 0.30664993845092, 0.029365908067835, 0
2575, -0.28842864821756, -0.047077433394393, 0
2576, -0.30664993845092, -0.029365908067835, 0
2577, 0.82339261782211, -0.18607169329678, 0
2578, -0.82339261782211, 0.18607169329678, 0
2579, 0.050804182833225, 0.39972844423156, 0
2580, -0.050804182833225, -0.39972844423156, 0
2581, 0.27531196437936, 0.3001107362445, 0
2582, -0.27531196437936, -0.3001107362445, 0
2583, 0.4164083910776, 0.10065712533972, 0
2584, 0.43710054763065, 0.11633794252293, 0
2585, -0.4164083910776, -0.10065712533972, 0
2586, -0.43710054763065, -0.11633794252293, 0
2587, -0.32125635519346, -0.31436299494341, 0
2588, 0.32125635519346, 0.31436299494341, 0
2589, 0.16799561792838, 0.19397181708748, 0
2590, -0.16799561792838, -0.19397181708748, 0
2591, -0.26188198775051, -0.011270216909241, 0
2592, -0.26439661225832, -0.038861707822049, 0
2593, 0.26188198775051, 0.011270216909241, 0
2594, 0.26439661225832, 0.038861707822049, 0
2595, 0.30179059146079, 0.29326175382391, 0
2596, -0.30179059146079, -0.29326175382391, 0
2597, -0.25193770689079, -0.078739034340051, 0
2598, 0.25193770689079, 0.078739034340051, 0
2599, -0.77463201414619, -0.42135758954562, 0
2600, -0.80669138740709, -0.42051295504653, 0
2601, 0.77463201414619, 0.42135758954562, 0
2602, 0.80669138740709, 0.42051295504653, 0
2603, 0.29451508700434, -0.40860243689, 0
2604, -0.29451508700434, 0.40860243689, 0
2605, 0.89707056810742, -0.2569577598663, 0
2606, -0.89707056810742, 0.2569577598663, 0
2607, 0.29823005464707, 0.10042269079776, 0
2608, -0.29823005464707, -0.10042269079776, 0
2609, -0.83061621971637, -0.37141586085154, 0
2610, 0.83061621971637, 0.37141586085154, 0
2611, 0.68567102438909, -0.39490427059688, 0
2612, -0.68567102438909, 0.39490427059688, 0
2613, 0.15903204903164, 0.42496874464616, 0
2614, -0.15903204903164, -0.42496874464616, 0
2615, 0.80858692388984, 0.039307087913892, 0
2616, -0.80858692388984, -0.039307087913892, 0
2617, 0.83013319514225, -0.37027149709117, 0
2618, 0.85935425994255, -0.36378834962389, 0
2619, -0.83013319514225, 0.37027149709117, 0
2620, -0.85935425994255, 0.36378834962389, 0
2621, -0.80421433574271, -0.37102764259946, 0
2622, -0.77394050274271, -0.37219442578538, 0
2623, 0.80421433574271, 0.37102764259946, 0
2624, 0.77394050274271, 0.37219442578538, 0
2625, 0.28068959701473, 0.11457739770081, 0
2626, -0.28068959701473, -0.11457739770081, 0
2627, 0.81085311526723, -0.42081718625112, 0
2628, -0.81085311526723, 0.42081718625112, 0
2629, -0.050242800808389, -0.21241227325955, 0
2630, 0.050242800808389, 0.21241227325955, 0
2631, 0.29980543816537, 0.0037512950657925, 0
2632, -0.29980543816537, -0.0037512950657925, 0
2633, 0.54488037692363, -0.029145155221183, 0
2634, 0.52751039838196, -0.010721372505939, 0
2635, -0.54488037692363, 0.029145155221183, 0
2636, -0.52751039838196, 0.010721372505939, 0
2637, 0.56980195782799, -0.025387986675039, 0
2638, -0.56980195782799, 0.025387986675039, 0
2639, -0.42711822436602, -0.39345305802981, 0
2640, 0.42711822436602, 0.39345305802981, 0
2641, -0.33493509832185, -0.20295613800377, 0
2642, 0.33493509832185, 0.20295613800377, 0
2643, 0.17739845843309, 0.16751666328267, 0
2644, -0.17739845843309, -0.16751666328267, 0
2645, 0.70141902682925, -0.3728589075818, 0
2646, -0.70141902682925, 0.3728589075818, 0
2647, 0.89738182015705, -0.40756833170186, 0
2648, 0.87422964197146, -0.38457835063218, 0
2649, -0.89738182015705, 0.40756833170186, 0
2650, -0.87422964197146, 0.38457835063218, 0
2651, 0.83097887201628, -0.15921328269032, 0
2652, -0.83097887201628, 0.15921328269032, 0
2653, -0.92098264086075, -0.44394434819807, 0
2654, 0.92098264086075, 0.44394434819807, 0
2655, 0.54007293344479, 0.031420700337208, 0
2656, -0.54007293344479, -0.031420700337208, 0
2657, -0.74246229946724, -0.37221260115292, 0
2658, 0.74246229946724, 0.37221260115292, 0
2659, 0.56414758646538, 0.11406440311604, 0
2660, 0.53997943327708, 0.12360372735647, 0
2661, -0.56414758646538, -0.11406440311604, 0
2662, -0.53997943327708, -0.12360372735647, 0
2663, -0.4270830285954, -0.41632021072542, 0
2664, 0.4270830285954, 0.41632021072542, 0
2665, -0.75791065765047, -0.39591173535798, 0
2666, 0.75791065765047, 0.39591173535798, 0
2667, 0.80400175252511, -0.373878635073, 0
2668, 0.82266894162086, -0.39429013249271, 0
2669, -0.80400175252511, 0.373878635073, 0
2670, -0.82266894162086, 0.39429013249271, 0
2671, 0.56377128293439, -0.048441003978899, 0
2672, -0.56377128293439, 0.048441003978899, 0
2673, 0.34462723496778, 0.2252712829952, 0
2674, -0.34462723496778, -0.2252712829952, 0
2675, 0.92102617086611, -0.41796302558671, 0
2676, 0.92330325041396, -0.38886840063832, 0
2677, -0.92102617086611, 0.41796302558671, 0
2678, -0.92330325041396, 0.38886840063832, 0
2679, 0.92361671026212, -0.44434707746727, 0
2680, -0.92361671026212, 0.44434707746727, 0
2681, 0.26947816452314, 0.064584327437005, 0
2682, -0.26947816452314, -0.064584327437005, 0
2683, 0.25322795413451, -0.14264351056725, 0
2684, 0.22924306798022, -0.13295018747569, 0
2685, -0.25322795413451, 0.14264351056725, 0
2686, -0.22924306798022, 0.13295018747569, 0
2687, 0.94662963234985, 0.42542505455392, 0
2688, -0.94662963234985, -0.42542505455392, 0
2689, -0.29592807746246, 0.018125155083783, 0
2690, 0.29592807746246, -0.018125155083783, 0
2691, 0.5767627430515, 0.14006959571186, 0
2692, -0.5767627430515, -0.14006959571186, 0
2693, -0.55119850643437, -0.16828177976857, 0
2694, -0.55979968304275, -0.19312461012302, 0
2695, 0.55119850643437, 0.16828177976857, 0
2696, 0.55979968304275, 0.19312461012302, 0
2697, 0.15615980939453, 0.15432162222434, 0
2698, -0.15615980939453, -0.15432162222434, 0
2699, 0.94953814051902, -0.42564714640373, 0
2700, -0.94953814051902, 0.42564714640373, 0
2701, 0.15024237603885, -0.39126757815158, 0
2702, -0.15024237603885, 0.39126757815158, 0
2703, -0.43234282937907, -0.078600306260499, 0
2704, 0.43234282937907, 0.078600306260499, 0
2705, 0.27946973524984, -0.00052163637013767, 0
2706, -0.27946973524984, 0.00052163637013768, 0
2707, 0.47015181425493, 0.082725241812364, 0
2708, -0.47015181425493, -0.082725241812364, 0
2709, 0.16016369590704, -0.42075770133027, 0
2710, -0.16016369590704, 0.42075770133027, 0
2711, 0.097523386196688, -0.31564782751204, 0
2712, 0.075553992922499, -0.33492687265831, 0
2713, -0.097523386196688, 0.31564782751204, 0
2714, -0.075553992922499, 0.33492687265831, 0
2715, 0.2669078934114, -0.11942127061384, 0
2716, -0.2669078934114, 0.11942127061384, 0
2717, 0.27596974285003, 0.086954759912395, 0
2718, -0.27596974285003, -0.086954759912395, 0
2719, -0.44708519272458, -0.062060452496305, 0
2720, 0.44708519272458, 0.062060452496305, 0
2721, 0.15695296302116, 0.39384327137192, 0
2722, -0.15695296302116, -0.39384327137192, 0
2723, 0.54476366481995, 0.14880587354229, 0
2724, -0.54476366481995, -0.14880587354229, 0
2725, -0.45540945090942, -0.099265095576558, 0
2726, 0.45540945090942, 0.099265095576558, 0
2727, -0.27534943327011, 0.10074833546597, 0
2728, 0.27534943327011, -0.10074833546597, 0
2729, -0.2580046270476, 0.010606233240334, 0
2730, 0.2580046270476, -0.010606233240334, 0
2731, 0.15184493090019, -0.24651762343693, 0
2732, -0.15184493090019, 0.24651762343693, 0
2733, -0.81579074489961, -0.39628177824251, 0
2734, 0.81579074489961, 0.39628177824251, 0
2735, 0.12375862748427, -0.24135413214603, 0
2736, -0.12375862748427, 0.24135413214603, 0
2737, -0.45165362011764, -0.08115076258485, 0
2738, 0.45165362011764, 0.08115076258485, 0
2739, 0.53557104526933, 0.0084248125917864, 0
2740, -0.53557104526933, -0.0084248125917864, 0
2741, -0.24320739150391, 0.089088097662141, 0
2742, 0.24320739150391, -0.089088097662141, 0
2743, -0.56316452460908, -0.15337585447788, 0
2744, 0.56316452460908, 0.15337585447788, 0
2745, -0.23476585164519, 0.10776103281001, 0
2746, 0.23476585164519, -0.10776103281001, 0
2747, 0.25587727104023, -0.1046791212807, 0
2748, -0.25587727104023, 0.1046791212807, 0
******* E L E M E N T S *************
*ELEMENT, type=T3D3, ELSET=Line1
1, 1, 53, 25
2, 25, 54, 26
3, 26, 55, 27
4, 27, 56, 28
5, 28, 57, 29
6, 29, 58, 30
7, 30, 59, 31
8, 31, 60, 32
9, 32, 61, 33
10, 33, 62, 34
11, 34, 63, 35
12, 35, 64, 36
13, 36, 65, 37
14, 37, 66, 38
15, 38, 67, 39
16, 39, 68, 40
17, 40, 69, 41
18, 41, 70, 42
19, 42, 71, 43
20, 43, 72, 44
21, 44, 73, 45
22, 45, 74, 46
23, 46, 75, 47
24, 47, 76, 48
25, 48, 77, 49
26, 49, 78, 50
27, 50, 79, 51
28, 51, 80, 52
29, 52, 81, 2
*ELEMENT, type=T3D3, ELSET=Line2
30, 2, 96, 82
31, 82, 97, 83
32, 83, 98, 84
33, 84, 99, 85
34, 85, 100, 86
35, 86, 101, 87
36, 87, 102, 88
37, 88, 103, 89
38, 89, 104, 90
39, 90, 105, 91
40, 91, 106, 92
41, 92, 107, 93
42, 93, 108, 94
43, 94, 109, 95
44, 95, 110, 3
*ELEMENT, type=T3D3, ELSET=Line3
45, 3, 139, 111
46, 111, 140, 112
47, 112, 141, 113
48, 113, 142, 114
49, 114, 143, 115
50, 115, 144, 116
51, 116, 145, 117
52, 117, 146, 118
53, 118, 147, 119
54, 119, 148, 120
55, 120, 149, 121
56, 121, 150, 122
57, 122, 151, 123
58, 123, 152, 124
59, 124, 153, 125
60, 125, 154, 126
61, 126, 155, 127
62, 127, 156, 128
63, 128, 157, 129
64, 129, 158, 130
65, 130, 159, 131
66, 131, 160, 132
67, 132, 161, 133
68, 133, 162, 134
69, 134, 163, 135
70, 135, 164, 136
71, 136, 165, 137
72, 137, 166, 138
73, 138, 167, 4
*ELEMENT, type=T3D3, ELSET=Line4
74, 4, 182, 168
75, 168, 183, 169
76, 169, 184, 170
77, 170, 185, 171
78, 171, 186, 172
79, 172, 187, 173
80, 173, 188, 174
81, 174, 189, 175
82, 175, 190, 176
83, 176, 191, 177
84, 177, 192, 178
85, 178, 193, 179
86, 179, 194, 180
87, 180, 195, 181
88, 181, 196, 1
*ELEMENT, type=CPS6, ELSET=Surface1
89, 557, 648, 671, 875, 876, 877
90, 558, 650, 672, 878, 879, 880
91, 648, 372, 671, 881, 882, 876
92, 650, 383, 672, 883, 884, 879
93, 313, 371, 373, 885, 886, 887
94, 314, 382, 384, 888, 889, 890
95, 319, 515, 585, 891, 892, 893
96, 320, 516, 587, 894, 895, 896
97, 250, 251, 721, 253, 897, 898
98, 280, 281, 722, 283, 899, 900
99, 515, 485, 593, 901, 902, 903
100, 516, 486, 594, 904, 905, 906
101, 12, 240, 403, 242, 907, 908
102, 23, 290, 408, 292, 909, 910
103, 541, 542, 666, 911, 912, 913
104, 543, 544, 664, 914, 915, 916
105, 393, 325, 394, 917, 918, 919
106, 398, 326, 399, 920, 921, 922
107, 314, 230, 382, 923, 924, 888
108, 313, 300, 371, 925, 926, 885
109, 395, 497, 569, 927, 928, 929
110, 400, 498, 570, 930, 931, 932
111, 666, 542, 762, 912, 933, 934
112, 664, 544, 761, 915, 935, 936
113, 497, 250, 721, 937, 898, 938
114, 498, 280, 722, 939, 900, 940
115, 15, 325, 393, 941, 917, 942
116, 20, 326, 398, 943, 920, 944
117, 346, 348, 595, 945, 946, 947
118, 360, 362, 596, 948, 949, 950
119, 693, 598, 807, 951, 952, 953
120, 694, 600, 808, 954, 955, 956
121, 309, 571, 825, 957, 958, 959
122, 310, 572, 826, 960, 961, 962
123, 245, 601, 713, 963, 964, 965
124, 275, 602, 714, 966, 967, 968
125, 403, 240, 467, 907, 969, 970
126, 408, 290, 468, 909, 971, 972
127, 571, 309, 703, 957, 973, 974
128, 572, 310, 704, 960, 975, 976
129, 348, 353, 595, 977, 978, 946
130, 362, 367, 596, 979, 980, 949
131, 525, 644, 701, 981, 982, 983
132, 526, 646, 702, 984, 985, 986
133, 395, 325, 497, 987, 988, 927
134, 400, 326, 498, 989, 990, 930
135, 245, 246, 523, 248, 991, 992
136, 275, 276, 524, 278, 993, 994
137, 487, 5, 488, 995, 996, 997
138, 490, 6, 491, 998, 999, 1000
139, 562, 600, 694, 1001, 954, 1002
140, 561, 598, 693, 1003, 951, 1004
141, 546, 639, 786, 1005, 1006, 1007
142, 545, 640, 785, 1008, 1009, 1010
143, 707, 573, 731, 1011, 1012, 1013
144, 708, 574, 732, 1014, 1015, 1016
145, 639, 779, 786, 1017, 1018, 1006
146, 640, 780, 785, 1019, 1020, 1009
147, 39, 40, 603, 68, 1021, 1022
148, 125, 126, 604, 154, 1023, 1024
149, 13, 245, 713, 247, 965, 1025
150, 18, 275, 714, 277, 968, 1026
151, 419, 417, 619, 1027, 1028, 1029
152, 428, 426, 620, 1030, 1031, 1032
153, 319, 7, 515, 1033, 1034, 891
154, 320, 8, 516, 1035, 1036, 894
155, 579, 571, 703, 1037, 974, 1038
156, 580, 572, 704, 1039, 976, 1040
157, 226, 531, 555, 1041, 1042, 1043
158, 296, 532, 556, 1044, 1045, 1046
159, 341, 260, 517, 1047, 1048, 1049
160, 342, 270, 518, 1050, 1051, 1052
161, 204, 485, 515, 1053, 901, 1054
162, 218, 486, 516, 1055, 904, 1056
163, 205, 316, 485, 1057, 1058, 1059
164, 219, 315, 486, 1060, 1061, 1062
165, 341, 517, 519, 1049, 1063, 1064
166, 342, 518, 520, 1052, 1065, 1066
167, 486, 315, 707, 1061, 1067, 1068
168, 485, 316, 708, 1058, 1069, 1070
169, 540, 770, 822, 1071, 1072, 1073
170, 539, 769, 824, 1074, 1075, 1076
171, 329, 39, 603, 1077, 1022, 1078
172, 330, 125, 604, 1079, 1024, 1080
173, 579, 703, 717, 1038, 1081, 1082
174, 580, 704, 718, 1040, 1083, 1084
175, 315, 573, 707, 1085, 1011, 1067
176, 316, 574, 708, 1086, 1014, 1069
177, 600, 562, 789, 1001, 1087, 1088
178, 598, 561, 790, 1003, 1089, 1090
179, 607, 333, 765, 1091, 1092, 1093
180, 608, 334, 766, 1094, 1095, 1096
181, 504, 637, 671, 1097, 1098, 1099
182, 506, 638, 672, 1100, 1101, 1102
183, 646, 542, 702, 1103, 1104, 985
184, 644, 544, 701, 1105, 1106, 982
185, 638, 564, 672, 1107, 1108, 1101
186, 637, 563, 671, 1109, 1110, 1098
187, 550, 693, 807, 1111, 953, 1112
188, 554, 694, 808, 1113, 956, 1114
189, 220, 5, 487, 224, 995, 1115
190, 206, 6, 490, 210, 998, 1116
191, 11, 314, 736, 1117, 1118, 1119
192, 24, 313, 735, 1120, 1121, 1122
193, 245, 523, 601, 992, 1123, 963
194, 275, 524, 602, 994, 1124, 966
195, 656, 463, 755, 1125, 1126, 1127
196, 660, 464, 756, 1128, 1129, 1130
197, 335, 589, 615, 1131, 1132, 1133
198, 336, 590, 617, 1134, 1135, 1136
199, 531, 11, 736, 1137, 1119, 1138
200, 532, 24, 735, 1139, 1122, 1140
201, 611, 467, 763, 1141, 1142, 1143
202, 613, 468, 764, 1144, 1145, 1146
203, 435, 419, 619, 1147, 1029, 1148
204, 436, 428, 620, 1149, 1032, 1150
205, 43, 583, 729, 1151, 1152, 1153
206, 129, 584, 730, 1154, 1155, 1156
207, 629, 47, 767, 1157, 1158, 1159
208, 630, 133, 768, 1160, 1161, 1162
209, 333, 729, 765, 1163, 1164, 1092
210, 334, 730, 766, 1165, 1166, 1095
211, 116, 631, 801, 1167, 1168, 1169
212, 30, 632, 802, 1170, 1171, 1172
213, 487, 489, 573, 1173, 1174, 1175
214, 490, 492, 574, 1176, 1177, 1178
215, 583, 43, 795, 1151, 1179, 1180
216, 584, 129, 796, 1154, 1181, 1182
217, 393, 469, 523, 1183, 1184, 1185
218, 398, 470, 524, 1186, 1187, 1188
219, 523, 469, 583, 1184, 1189, 1190
220, 524, 470, 584, 1187, 1191, 1192
221, 589, 335, 733, 1131, 1193, 1194
222, 590, 336, 734, 1134, 1195, 1196
223, 644, 525, 667, 981, 1197, 1198
224, 646, 526, 668, 984, 1199, 1200
225, 534, 651, 727, 1201, 1202, 1203
226, 536, 652, 728, 1204, 1205, 1206
227, 603, 40, 723, 1021, 1207, 1208
228, 604, 126, 724, 1023, 1209, 1210
229, 555, 531, 709, 1042, 1211, 1212
230, 556, 532, 710, 1045, 1213, 1214
231, 710, 621, 794, 1215, 1216, 1217
232, 709, 622, 793, 1218, 1219, 1220
233, 770, 540, 828, 1071, 1221, 1222
234, 769, 539, 827, 1074, 1223, 1224
235, 655, 656, 755, 1225, 1127, 1226
236, 659, 660, 756, 1227, 1130, 1228
237, 691, 616, 753, 1229, 1230, 1231
238, 692, 618, 754, 1232, 1233, 1234
239, 717, 447, 775, 1235, 1236, 1237
240, 718, 448, 776, 1238, 1239, 1240
241, 46, 47, 629, 75, 1157, 1241
242, 132, 133, 630, 161, 1160, 1242
243, 116, 117, 631, 145, 1243, 1167
244, 30, 31, 632, 59, 1244, 1170
245, 651, 321, 727, 1245, 1246, 1202
246, 652, 322, 728, 1247, 1248, 1205
247, 616, 691, 835, 1229, 1249, 1250
248, 618, 692, 836, 1232, 1251, 1252
249, 471, 709, 793, 1253, 1220, 1254
250, 472, 710, 794, 1255, 1217, 1256
251, 573, 489, 739, 1174, 1257, 1258
252, 574, 492, 740, 1177, 1259, 1260
253, 597, 565, 711, 1261, 1262, 1263
254, 599, 566, 712, 1264, 1265, 1266
255, 813, 673, 873, 1267, 1268, 1269
256, 814, 674, 874, 1270, 1271, 1272
257, 507, 673, 813, 1273, 1267, 1274
258, 508, 674, 814, 1275, 1270, 1276
259, 619, 417, 829, 1028, 1277, 1278
260, 620, 426, 830, 1031, 1279, 1280
261, 579, 717, 775, 1082, 1237, 1281
262, 580, 718, 776, 1084, 1240, 1282
263, 612, 611, 763, 1283, 1143, 1284
264, 614, 613, 764, 1285, 1146, 1286
265, 517, 261, 767, 1287, 1288, 1289
266, 518, 271, 768, 1290, 1291, 1292
267, 634, 682, 743, 1293, 1294, 1295
268, 633, 684, 744, 1296, 1297, 1298
269, 323, 644, 667, 1299, 1198, 1300
270, 324, 646, 668, 1301, 1200, 1302
271, 44, 45, 601, 73, 1303, 1304
272, 130, 131, 602, 159, 1305, 1306
273, 601, 45, 713, 1303, 1307, 964
274, 602, 131, 714, 1305, 1308, 967
275, 591, 521, 737, 1309, 1310, 1311
276, 592, 522, 738, 1312, 1313, 1314
277, 597, 711, 787, 1263, 1315, 1316
278, 599, 712, 788, 1266, 1317, 1318
279, 478, 609, 669, 1319, 1320, 1321
280, 475, 610, 670, 1322, 1323, 1324
281, 521, 591, 843, 1309, 1325, 1326
282, 522, 592, 844, 1312, 1327, 1328
283, 559, 655, 755, 1329, 1226, 1330
284, 560, 659, 756, 1331, 1228, 1332
285, 261, 629, 767, 1333, 1159, 1288
286, 271, 630, 768, 1334, 1162, 1291
287, 346, 595, 721, 947, 1335, 1336
288, 360, 596, 722, 950, 1337, 1338
289, 770, 567, 822, 1339, 1340, 1072
290, 769, 568, 824, 1341, 1342, 1075
291, 372, 648, 759, 881, 1343, 1344
292, 383, 650, 760, 883, 1345, 1346
293, 407, 606, 770, 1347, 1348, 1349
294, 412, 605, 769, 1350, 1351, 1352
295, 823, 539, 824, 1353, 1076, 1354
296, 821, 540, 822, 1355, 1073, 1356
297, 337, 661, 791, 1357, 1358, 1359
298, 338, 662, 792, 1360, 1361, 1362
299, 319, 585, 586, 893, 1363, 1364
300, 320, 587, 588, 896, 1365, 1366
301, 648, 557, 737, 875, 1367, 1368
302, 650, 558, 738, 878, 1369, 1370
303, 611, 34, 623, 1371, 1372, 1373
304, 613, 120, 624, 1374, 1375, 1376
305, 569, 497, 595, 928, 1377, 1378
306, 570, 498, 596, 931, 1379, 1380
307, 33, 611, 612, 1381, 1283, 1382
308, 119, 613, 614, 1383, 1285, 1384
309, 225, 555, 802, 1385, 1386, 1387
310, 295, 556, 801, 1388, 1389, 1390
311, 664, 663, 700, 1391, 1392, 1393
312, 666, 665, 699, 1394, 1395, 1396
313, 606, 407, 684, 1347, 1397, 1398
314, 605, 412, 682, 1350, 1399, 1400
315, 682, 634, 816, 1293, 1401, 1402
316, 684, 633, 815, 1296, 1403, 1404
317, 537, 707, 731, 1405, 1013, 1406
318, 538, 708, 732, 1407, 1016, 1408
319, 335, 615, 616, 1133, 1409, 1410
320, 336, 617, 618, 1136, 1411, 1412
321, 394, 325, 395, 918, 987, 1413
322, 399, 326, 400, 921, 989, 1414
323, 622, 531, 736, 1415, 1138, 1416
324, 621, 532, 735, 1417, 1140, 1418
325, 609, 478, 789, 1319, 1419, 1420
326, 610, 475, 790, 1322, 1421, 1422
327, 537, 673, 774, 1423, 1424, 1425
328, 538, 674, 773, 1426, 1427, 1428
329, 653, 323, 667, 1429, 1300, 1430
330, 657, 324, 668, 1431, 1302, 1432
331, 32, 33, 612, 61, 1382, 1433
332, 118, 119, 614, 147, 1384, 1434
333, 487, 488, 489, 997, 1435, 1173
334, 490, 491, 492, 1000, 1436, 1176
335, 305, 654, 655, 1437, 1438, 1439
336, 306, 658, 659, 1440, 1441, 1442
337, 632, 225, 802, 1443, 1387, 1171
338, 631, 295, 801, 1444, 1390, 1168
339, 606, 567, 770, 1445, 1339, 1348
340, 605, 568, 769, 1446, 1341, 1351
341, 655, 559, 805, 1329, 1447, 1448
342, 659, 560, 806, 1331, 1449, 1450
343, 35, 331, 623, 1451, 1452, 1453
344, 121, 332, 624, 1454, 1455, 1456
345, 118, 614, 852, 1434, 1457, 1458
346, 32, 612, 851, 1433, 1459, 1460
347, 33, 34, 611, 62, 1371, 1381
348, 119, 120, 613, 148, 1374, 1383
349, 51, 479, 635, 1461, 1462, 1463
350, 137, 480, 636, 1464, 1465, 1466
351, 313, 373, 374, 887, 1467, 1468
352, 314, 384, 385, 890, 1469, 1470
353, 323, 643, 644, 1471, 1472, 1299
354, 324, 645, 646, 1473, 1474, 1301
355, 341, 519, 575, 1064, 1475, 1476
356, 342, 520, 576, 1066, 1477, 1478
357, 305, 89, 654, 1479, 1480, 1437
358, 306, 175, 658, 1481, 1482, 1440
359, 28, 471, 641, 1483, 1484, 1485
360, 114, 472, 642, 1486, 1487, 1488
361, 481, 633, 744, 1489, 1298, 1490
362, 482, 634, 743, 1491, 1295, 1492
363, 323, 92, 643, 1493, 1494, 1471
364, 324, 178, 645, 1495, 1496, 1473
365, 549, 603, 723, 1497, 1208, 1498
366, 553, 604, 724, 1499, 1210, 1500
367, 393, 394, 469, 919, 1501, 1183
368, 398, 399, 470, 922, 1502, 1186
369, 375, 373, 647, 1503, 1504, 1505
370, 386, 384, 649, 1506, 1507, 1508
371, 91, 323, 653, 1509, 1429, 1510
372, 177, 324, 657, 1511, 1431, 1512
373, 654, 653, 656, 1513, 1514, 1515
374, 658, 657, 660, 1516, 1517, 1518
375, 49, 50, 337, 78, 1519, 1520
376, 135, 136, 338, 164, 1521, 1522
377, 337, 50, 635, 1519, 1523, 1524
378, 338, 136, 636, 1521, 1525, 1526
379, 664, 700, 838, 1393, 1527, 1528
380, 666, 699, 837, 1396, 1529, 1530
381, 655, 654, 656, 1438, 1515, 1225
382, 659, 658, 660, 1441, 1518, 1227
383, 41, 42, 333, 70, 1531, 1532
384, 127, 128, 334, 156, 1533, 1534
385, 35, 36, 331, 64, 1535, 1451
386, 121, 122, 332, 150, 1536, 1454
387, 84, 321, 651, 1537, 1245, 1538
388, 170, 322, 652, 1539, 1247, 1540
389, 197, 317, 845, 1541, 1542, 1543
390, 211, 318, 846, 1544, 1545, 1546
391, 467, 611, 780, 1141, 1547, 1548
392, 468, 613, 779, 1144, 1549, 1550
393, 47, 48, 719, 76, 1551, 1552
394, 133, 134, 720, 162, 1553, 1554
395, 34, 35, 623, 63, 1453, 1372
396, 120, 121, 624, 149, 1456, 1375
397, 521, 647, 648, 1555, 1556, 1557
398, 522, 649, 650, 1558, 1559, 1560
399, 319, 586, 633, 1364, 1561, 1562
400, 320, 588, 634, 1366, 1563, 1564
401, 595, 353, 813, 978, 1565, 1566
402, 596, 367, 814, 980, 1567, 1568
403, 378, 375, 647, 1569, 1505, 1570
404, 389, 386, 649, 1571, 1508, 1572
405, 28, 29, 471, 57, 1573, 1483
406, 114, 115, 472, 143, 1574, 1486
407, 408, 468, 639, 972, 1575, 1576
408, 403, 467, 640, 970, 1577, 1578
409, 521, 378, 647, 1579, 1570, 1555
410, 522, 389, 649, 1580, 1572, 1558
411, 90, 653, 654, 1581, 1513, 1582
412, 176, 657, 658, 1583, 1516, 1584
413, 341, 575, 619, 1476, 1585, 1586
414, 342, 576, 620, 1478, 1587, 1588
415, 380, 378, 521, 1589, 1579, 1590
416, 391, 389, 522, 1591, 1580, 1592
417, 447, 455, 461, 1593, 1594, 1595
418, 448, 456, 462, 1596, 1597, 1598
419, 461, 557, 563, 1599, 1600, 1601
420, 462, 558, 564, 1602, 1603, 1604
421, 423, 445, 447, 1605, 1606, 1607
422, 432, 446, 448, 1608, 1609, 1610
423, 84, 85, 321, 99, 1611, 1537
424, 170, 171, 322, 185, 1612, 1539
425, 661, 337, 797, 1357, 1613, 1614
426, 662, 338, 798, 1360, 1615, 1616
427, 91, 92, 323, 106, 1493, 1509
428, 177, 178, 324, 192, 1495, 1511
429, 93, 453, 643, 1617, 1618, 1619
430, 179, 454, 645, 1620, 1621, 1622
431, 86, 87, 335, 101, 1623, 1624
432, 172, 173, 336, 187, 1625, 1626
433, 90, 91, 653, 105, 1510, 1581
434, 176, 177, 657, 191, 1512, 1583
435, 339, 27, 641, 1627, 1628, 1629
436, 340, 113, 642, 1630, 1631, 1632
437, 656, 653, 667, 1514, 1430, 1633
438, 660, 657, 668, 1517, 1432, 1634
439, 88, 89, 305, 103, 1479, 1635
440, 174, 175, 306, 189, 1481, 1636
441, 318, 212, 482, 1637, 1638, 1639
442, 317, 198, 481, 1640, 1641, 1642
443, 461, 455, 557, 1594, 1643, 1599
444, 462, 456, 558, 1597, 1644, 1602
445, 38, 39, 329, 67, 1077, 1645
446, 124, 125, 330, 153, 1079, 1646
447, 447, 445, 455, 1606, 1647, 1593
448, 448, 446, 456, 1609, 1648, 1596
449, 331, 36, 711, 1535, 1649, 1650
450, 332, 122, 712, 1536, 1651, 1652
451, 285, 539, 823, 1653, 1353, 1654
452, 235, 540, 821, 1655, 1355, 1656
453, 412, 411, 681, 1657, 1658, 1659
454, 407, 406, 683, 1660, 1661, 1662
455, 27, 28, 641, 56, 1485, 1628
456, 113, 114, 642, 142, 1488, 1631
457, 93, 94, 453, 108, 1663, 1617
458, 179, 180, 454, 194, 1664, 1620
459, 7, 204, 515, 207, 1054, 1034
460, 8, 218, 516, 221, 1056, 1036
461, 92, 93, 643, 107, 1619, 1494
462, 178, 179, 645, 193, 1622, 1496
463, 89, 90, 654, 104, 1582, 1480
464, 175, 176, 658, 190, 1584, 1482
465, 83, 84, 651, 98, 1538, 1665
466, 169, 170, 652, 184, 1540, 1666
467, 199, 7, 319, 203, 1033, 1667
468, 213, 8, 320, 217, 1035, 1668
469, 197, 198, 317, 201, 1640, 1541
470, 211, 212, 318, 215, 1637, 1544
471, 205, 206, 316, 209, 1669, 1057
472, 219, 220, 315, 223, 1670, 1060
473, 50, 51, 635, 79, 1463, 1523
474, 136, 137, 636, 165, 1466, 1525
475, 542, 646, 762, 1103, 1671, 933
476, 544, 644, 761, 1105, 1672, 935
477, 255, 309, 825, 1673, 959, 1674
478, 265, 310, 826, 1675, 962, 1676
479, 51, 52, 479, 80, 1677, 1461
480, 137, 138, 480, 166, 1678, 1464
481, 563, 557, 671, 1600, 877, 1110
482, 564, 558, 672, 1603, 880, 1108
483, 453, 663, 664, 1679, 1391, 1680
484, 454, 665, 666, 1681, 1394, 1682
485, 26, 27, 339, 55, 1627, 1683
486, 112, 113, 340, 141, 1630, 1684
487, 204, 205, 485, 208, 1059, 1053
488, 218, 219, 486, 222, 1062, 1055
489, 531, 622, 709, 1415, 1218, 1211
490, 532, 621, 710, 1417, 1215, 1213
491, 351, 350, 354, 1685, 1686, 1687
492, 365, 364, 368, 1688, 1689, 1690
493, 349, 347, 350, 1691, 1692, 1693
494, 363, 361, 364, 1694, 1695, 1696
495, 411, 457, 681, 1697, 1698, 1658
496, 406, 459, 683, 1699, 1700, 1661
497, 333, 607, 803, 1091, 1701, 1702
498, 334, 608, 804, 1094, 1703, 1704
499, 561, 488, 610, 1705, 1706, 1707
500, 562, 491, 609, 1708, 1709, 1710
501, 350, 347, 675, 1692, 1711, 1712
502, 364, 361, 676, 1695, 1713, 1714
503, 316, 206, 490, 1669, 1116, 1715
504, 315, 220, 487, 1670, 1115, 1716
505, 453, 94, 663, 1663, 1717, 1679
506, 454, 180, 665, 1664, 1718, 1681
507, 457, 476, 581, 1719, 1720, 1721
508, 459, 473, 582, 1722, 1723, 1724
509, 529, 350, 675, 1725, 1712, 1726
510, 530, 364, 676, 1727, 1714, 1728
511, 351, 354, 355, 1687, 1729, 1730
512, 365, 368, 369, 1690, 1731, 1732
513, 733, 305, 805, 1733, 1734, 1735
514, 734, 306, 806, 1736, 1737, 1738
515, 251, 14, 311, 254, 1739, 1740
516, 281, 17, 312, 284, 1741, 1742
517, 231, 10, 307, 234, 1743, 1744
518, 301, 21, 308, 304, 1745, 1746
519, 381, 528, 621, 1747, 1748, 1749
520, 392, 527, 622, 1750, 1751, 1752
521, 48, 49, 689, 77, 1753, 1754
522, 134, 135, 690, 163, 1755, 1756
523, 349, 350, 351, 1693, 1685, 1757
524, 363, 364, 365, 1696, 1688, 1758
525, 423, 425, 445, 1759, 1760, 1605
526, 432, 434, 446, 1761, 1762, 1608
527, 784, 211, 846, 1763, 1546, 1764
528, 783, 197, 845, 1765, 1543, 1766
529, 377, 375, 378, 1767, 1569, 1768
530, 388, 386, 389, 1769, 1571, 1770
531, 311, 343, 344, 1771, 1772, 1773
532, 312, 357, 358, 1774, 1775, 1776
533, 344, 345, 675, 1777, 1778, 1779
534, 358, 359, 676, 1780, 1781, 1782
535, 347, 344, 675, 1783, 1779, 1711
536, 361, 358, 676, 1784, 1782, 1713
537, 421, 422, 423, 1785, 1786, 1787
538, 430, 431, 432, 1788, 1789, 1790
539, 449, 628, 824, 1791, 1792, 1793
540, 450, 626, 822, 1794, 1795, 1796
541, 307, 10, 505, 1743, 1797, 1798
542, 308, 21, 503, 1745, 1799, 1800
543, 354, 350, 529, 1686, 1725, 1801
544, 368, 364, 530, 1689, 1727, 1802
545, 381, 621, 735, 1749, 1418, 1803
546, 392, 622, 736, 1752, 1416, 1804
547, 344, 343, 345, 1772, 1805, 1777
548, 358, 357, 359, 1775, 1806, 1780
549, 329, 603, 807, 1078, 1807, 1808
550, 330, 604, 808, 1080, 1809, 1810
551, 537, 397, 673, 1811, 1812, 1423
552, 538, 402, 674, 1813, 1814, 1426
553, 423, 447, 717, 1607, 1235, 1815
554, 432, 448, 718, 1610, 1238, 1816
555, 315, 487, 573, 1716, 1175, 1085
556, 316, 490, 574, 1715, 1178, 1086
557, 94, 95, 663, 109, 1817, 1717
558, 180, 181, 665, 195, 1818, 1718
559, 311, 14, 343, 1739, 1819, 1771
560, 312, 17, 357, 1741, 1820, 1774
561, 716, 118, 852, 1821, 1458, 1822
562, 715, 32, 851, 1823, 1460, 1824
563, 308, 503, 504, 1800, 1825, 1826
564, 307, 505, 506, 1798, 1827, 1828
565, 504, 503, 627, 1825, 1829, 1830
566, 506, 505, 625, 1827, 1831, 1832
567, 463, 380, 577, 1833, 1834, 1835
568, 464, 391, 578, 1836, 1837, 1838
569, 379, 378, 380, 1839, 1589, 1840
570, 390, 389, 391, 1841, 1591, 1842
571, 489, 488, 561, 1435, 1705, 1843
572, 492, 491, 562, 1436, 1708, 1844
573, 396, 395, 397, 1845, 1846, 1847
574, 401, 400, 402, 1848, 1849, 1850
575, 627, 503, 628, 1829, 1851, 1852
576, 625, 505, 626, 1831, 1853, 1854
577, 311, 344, 346, 1773, 1855, 1856
578, 312, 358, 360, 1776, 1857, 1858
579, 47, 719, 767, 1552, 1859, 1158
580, 133, 720, 768, 1554, 1860, 1161
581, 418, 420, 421, 1861, 1862, 1863
582, 427, 429, 430, 1864, 1865, 1866
583, 582, 473, 670, 1723, 1867, 1868
584, 581, 476, 669, 1720, 1869, 1870
585, 346, 344, 347, 1855, 1783, 1871
586, 360, 358, 361, 1857, 1784, 1872
587, 455, 445, 591, 1647, 1873, 1874
588, 456, 446, 592, 1648, 1875, 1876
589, 356, 355, 449, 1877, 1878, 1879
590, 370, 369, 450, 1880, 1881, 1882
591, 412, 681, 682, 1659, 1883, 1399
592, 407, 683, 684, 1662, 1884, 1397
593, 15, 250, 325, 252, 1885, 941
594, 20, 280, 326, 282, 1886, 943
595, 236, 12, 327, 239, 1887, 1888
596, 286, 23, 328, 289, 1889, 1890
597, 466, 450, 567, 1891, 1892, 1893
598, 465, 449, 568, 1894, 1895, 1896
599, 504, 627, 637, 1830, 1897, 1097
600, 506, 625, 638, 1832, 1898, 1100
601, 476, 478, 669, 1899, 1321, 1869
602, 473, 475, 670, 1900, 1324, 1867
603, 348, 347, 349, 1901, 1691, 1902
604, 362, 361, 363, 1903, 1694, 1904
605, 499, 597, 598, 1905, 1906, 1907
606, 500, 599, 600, 1908, 1909, 1910
607, 529, 675, 679, 1726, 1911, 1912
608, 530, 676, 680, 1728, 1913, 1914
609, 463, 656, 777, 1125, 1915, 1916
610, 464, 660, 778, 1128, 1917, 1918
611, 345, 343, 571, 1805, 1919, 1920
612, 359, 357, 572, 1806, 1921, 1922
613, 438, 352, 501, 1923, 1924, 1925
614, 437, 366, 502, 1926, 1927, 1928
615, 459, 582, 683, 1724, 1929, 1700
616, 457, 581, 681, 1721, 1930, 1698
617, 595, 497, 721, 1377, 938, 1335
618, 596, 498, 722, 1379, 940, 1337
619, 351, 355, 356, 1730, 1877, 1931
620, 365, 369, 370, 1732, 1880, 1932
621, 395, 569, 873, 929, 1933, 1934
622, 400, 570, 874, 932, 1935, 1936
623, 235, 236, 540, 238, 1937, 1655
624, 285, 286, 539, 288, 1938, 1653
625, 562, 609, 789, 1710, 1420, 1087
626, 561, 610, 790, 1707, 1422, 1089
627, 405, 406, 407, 1939, 1660, 1940
628, 410, 411, 412, 1941, 1657, 1942
629, 325, 250, 497, 1885, 937, 988
630, 326, 280, 498, 1886, 939, 990
631, 394, 395, 396, 1413, 1845, 1943
632, 399, 400, 401, 1414, 1848, 1944
633, 501, 352, 678, 1924, 1945, 1946
634, 502, 366, 677, 1927, 1947, 1948
635, 415, 397, 537, 1949, 1811, 1950
636, 416, 402, 538, 1951, 1813, 1952
637, 348, 352, 353, 1953, 1954, 977
638, 362, 366, 367, 1955, 1956, 979
639, 423, 422, 425, 1786, 1957, 1759
640, 432, 431, 434, 1789, 1958, 1761
641, 519, 517, 719, 1063, 1959, 1960
642, 520, 518, 720, 1065, 1961, 1962
643, 328, 409, 410, 1963, 1964, 1965
644, 327, 404, 405, 1966, 1967, 1968
645, 230, 231, 382, 233, 1969, 924
646, 300, 301, 371, 303, 1970, 926
647, 335, 87, 733, 1623, 1971, 1193
648, 336, 173, 734, 1625, 1972, 1195
649, 255, 256, 309, 258, 1973, 1673
650, 265, 266, 310, 268, 1974, 1675
651, 533, 483, 661, 1975, 1976, 1977
652, 535, 484, 662, 1978, 1979, 1980
653, 88, 305, 733, 1635, 1733, 1981
654, 174, 306, 734, 1636, 1736, 1982
655, 345, 571, 579, 1920, 1037, 1983
656, 359, 572, 580, 1922, 1039, 1984
657, 353, 438, 507, 1985, 1986, 1987
658, 367, 437, 508, 1988, 1989, 1990
659, 346, 347, 348, 1871, 1901, 945
660, 360, 361, 362, 1872, 1903, 948
661, 25, 26, 699, 54, 1991, 1992
662, 111, 112, 700, 140, 1993, 1994
663, 648, 647, 759, 1556, 1995, 1343
664, 650, 649, 760, 1559, 1996, 1345
665, 353, 352, 438, 1954, 1923, 1985
666, 367, 366, 437, 1956, 1926, 1988
667, 541, 413, 542, 1997, 1998, 911
668, 543, 414, 544, 1999, 2000, 914
669, 356, 449, 465, 1879, 1894, 2001
670, 370, 450, 466, 1882, 1891, 2002
671, 374, 373, 375, 1467, 1503, 2003
672, 385, 384, 386, 1469, 1506, 2004
673, 465, 568, 605, 1896, 1446, 2005
674, 466, 567, 606, 1893, 1445, 2006
675, 349, 351, 678, 1757, 2007, 2008
676, 363, 365, 677, 1758, 2009, 2010
677, 675, 345, 679, 1778, 2011, 1911
678, 676, 359, 680, 1781, 2012, 1913
679, 421, 420, 422, 1862, 2013, 1785
680, 430, 429, 431, 1865, 2014, 1788
681, 689, 337, 791, 2015, 1359, 2016
682, 690, 338, 792, 2017, 1362, 2018
683, 348, 349, 352, 1902, 2019, 1953
684, 362, 363, 366, 1904, 2020, 1955
685, 11, 230, 314, 232, 923, 1117
686, 24, 300, 313, 302, 925, 1120
687, 396, 397, 415, 1847, 1949, 2021
688, 401, 402, 416, 1850, 1951, 2022
689, 29, 30, 741, 58, 2023, 2024
690, 115, 116, 742, 144, 2025, 2026
691, 309, 418, 703, 2027, 2028, 973
692, 310, 427, 704, 2029, 2030, 975
693, 476, 477, 478, 2031, 2032, 1899
694, 473, 474, 475, 2033, 2034, 1900
695, 589, 513, 615, 2035, 2036, 1132
696, 590, 514, 617, 2037, 2038, 1135
697, 42, 43, 729, 71, 1153, 2039
698, 128, 129, 730, 157, 1156, 2040
699, 445, 425, 685, 1760, 2041, 2042
700, 446, 434, 686, 1762, 2043, 2044
701, 49, 337, 689, 1520, 2015, 1753
702, 135, 338, 690, 1522, 2017, 1755
703, 379, 380, 463, 1840, 1833, 2045
704, 390, 391, 464, 1842, 1836, 2046
705, 377, 378, 379, 1768, 1839, 2047
706, 388, 389, 390, 1770, 1841, 2048
707, 405, 404, 406, 1967, 2049, 1939
708, 410, 409, 411, 1964, 2050, 1941
709, 628, 823, 824, 2051, 1354, 1792
710, 626, 821, 822, 2052, 1356, 1795
711, 352, 349, 678, 2019, 2008, 1945
712, 366, 363, 677, 2020, 2010, 1947
713, 365, 370, 677, 1932, 2053, 2009
714, 351, 356, 678, 1931, 2054, 2007
715, 376, 375, 377, 2055, 1767, 2056
716, 387, 386, 388, 2057, 1769, 2058
717, 82, 83, 705, 97, 2059, 2060
718, 168, 169, 706, 183, 2061, 2062
719, 371, 372, 759, 2063, 1344, 2064
720, 382, 383, 760, 2065, 1346, 2066
721, 549, 548, 550, 2067, 2068, 2069
722, 553, 552, 554, 2070, 2071, 2072
723, 345, 579, 679, 1983, 2073, 2011
724, 359, 580, 680, 1984, 2074, 2012
725, 591, 445, 685, 1873, 2042, 2075
726, 592, 446, 686, 1875, 2044, 2076
727, 424, 451, 509, 2077, 2078, 2079
728, 433, 452, 510, 2080, 2081, 2082
729, 246, 15, 393, 249, 942, 2083
730, 276, 20, 398, 279, 944, 2084
731, 43, 44, 795, 72, 2085, 1179
732, 129, 130, 796, 158, 2086, 1181
733, 40, 41, 723, 69, 2087, 1207
734, 126, 127, 724, 155, 2088, 1209
735, 424, 419, 435, 2089, 1147, 2090
736, 433, 428, 436, 2091, 1149, 2092
737, 644, 643, 761, 1472, 2093, 1672
738, 646, 645, 762, 1474, 2094, 1671
739, 425, 439, 443, 2095, 2096, 2097
740, 434, 440, 444, 2098, 2099, 2100
741, 425, 422, 439, 1957, 2101, 2095
742, 434, 431, 440, 1958, 2102, 2098
743, 751, 607, 765, 2103, 1093, 2104
744, 752, 608, 766, 2105, 1096, 2106
745, 478, 477, 500, 2032, 2107, 2108
746, 475, 474, 499, 2034, 2109, 2110
747, 425, 443, 685, 2097, 2111, 2041
748, 434, 444, 686, 2100, 2112, 2043
749, 457, 458, 476, 2113, 2114, 1719
750, 459, 460, 473, 2115, 2116, 1722
751, 493, 547, 607, 2117, 2118, 2119
752, 495, 551, 608, 2120, 2121, 2122
753, 418, 419, 420, 2123, 2124, 1861
754, 427, 428, 429, 2125, 2126, 1864
755, 443, 513, 559, 2127, 2128, 2129
756, 444, 514, 560, 2130, 2131, 2132
757, 377, 379, 525, 2047, 2133, 2134
758, 388, 390, 526, 2048, 2135, 2136
759, 637, 354, 831, 2137, 2138, 2139
760, 638, 368, 832, 2140, 2141, 2142
761, 44, 601, 795, 1304, 2143, 2085
762, 130, 602, 796, 1306, 2144, 2086
763, 589, 733, 805, 1194, 1735, 2145
764, 590, 734, 806, 1196, 1738, 2146
765, 698, 786, 840, 2147, 2148, 2149
766, 697, 785, 839, 2150, 2151, 2152
767, 327, 12, 403, 1887, 908, 2153
768, 328, 23, 408, 1889, 910, 2154
769, 547, 494, 548, 2155, 2156, 2157
770, 551, 496, 552, 2158, 2159, 2160
771, 707, 537, 774, 1405, 1425, 2161
772, 708, 538, 773, 1407, 1428, 2162
773, 309, 256, 417, 1973, 2163, 2164
774, 310, 266, 426, 1974, 2165, 2166
775, 420, 419, 424, 2124, 2089, 2167
776, 429, 428, 433, 2126, 2091, 2168
777, 443, 439, 513, 2096, 2169, 2127
778, 444, 440, 514, 2099, 2170, 2130
779, 16, 260, 341, 262, 1047, 2171
780, 19, 270, 342, 272, 1050, 2172
781, 559, 513, 589, 2128, 2035, 2173
782, 560, 514, 590, 2131, 2037, 2174
783, 335, 616, 799, 1410, 2175, 2176
784, 336, 618, 800, 1412, 2177, 2178
785, 328, 408, 409, 2154, 2179, 1963
786, 327, 403, 404, 2153, 2180, 1966
787, 499, 474, 565, 2109, 2181, 2182
788, 500, 477, 566, 2107, 2183, 2184
789, 557, 455, 737, 1643, 2185, 1367
790, 558, 456, 738, 1644, 2186, 1369
791, 476, 458, 477, 2114, 2187, 2031
792, 473, 460, 474, 2116, 2188, 2033
793, 418, 417, 419, 2189, 1027, 2123
794, 427, 426, 428, 2190, 1030, 2125
795, 406, 441, 459, 2191, 2192, 1699
796, 411, 442, 457, 2193, 2194, 1697
797, 549, 550, 603, 2069, 2195, 1497
798, 553, 554, 604, 2072, 2196, 1499
799, 493, 415, 494, 2197, 2198, 2199
800, 495, 416, 496, 2200, 2201, 2202
801, 424, 435, 451, 2090, 2203, 2077
802, 433, 436, 452, 2092, 2204, 2080
803, 309, 417, 418, 2164, 2189, 2027
804, 310, 426, 427, 2166, 2190, 2029
805, 226, 11, 531, 229, 1137, 1041
806, 296, 24, 532, 299, 1139, 1044
807, 453, 664, 761, 1680, 936, 2205
808, 454, 666, 762, 1682, 934, 2206
809, 555, 709, 741, 1212, 2207, 2208
810, 556, 710, 742, 1214, 2209, 2210
811, 451, 435, 483, 2203, 2211, 2212
812, 452, 436, 484, 2204, 2213, 2214
813, 489, 561, 693, 1843, 1004, 2215
814, 492, 562, 694, 1844, 1002, 2216
815, 511, 533, 534, 2217, 2218, 2219
816, 512, 535, 536, 2220, 2221, 2222
817, 500, 566, 599, 2184, 1264, 1908
818, 499, 565, 597, 2182, 1261, 1905
819, 396, 415, 493, 2021, 2197, 2223
820, 401, 416, 495, 2022, 2200, 2224
821, 374, 375, 376, 2003, 2055, 2225
822, 385, 386, 387, 2004, 2057, 2226
823, 458, 442, 546, 2227, 2228, 2229
824, 460, 441, 545, 2230, 2231, 2232
825, 406, 404, 441, 2049, 2233, 2191
826, 411, 409, 442, 2050, 2234, 2193
827, 511, 483, 533, 2235, 1975, 2217
828, 512, 484, 535, 2236, 1978, 2220
829, 451, 483, 511, 2212, 2235, 2237
830, 452, 484, 512, 2214, 2236, 2238
831, 422, 420, 687, 2013, 2239, 2240
832, 431, 429, 688, 2014, 2241, 2242
833, 83, 651, 705, 1665, 2243, 2059
834, 169, 652, 706, 1666, 2244, 2061
835, 374, 376, 381, 2225, 2245, 2246
836, 385, 387, 392, 2226, 2247, 2248
837, 26, 339, 699, 1683, 2249, 1991
838, 112, 340, 700, 1684, 2250, 1993
839, 372, 371, 862, 2063, 2251, 2252
840, 383, 382, 861, 2065, 2253, 2254
841, 689, 519, 719, 2255, 1960, 2256
842, 690, 520, 720, 2257, 1962, 2258
843, 635, 479, 745, 1462, 2259, 2260
844, 636, 480, 746, 1465, 2261, 2262
845, 703, 421, 717, 2263, 2264, 1081
846, 704, 430, 718, 2265, 2266, 1083
847, 547, 548, 549, 2157, 2067, 2267
848, 551, 552, 553, 2160, 2070, 2268
849, 469, 751, 765, 2269, 2104, 2270
850, 470, 752, 766, 2271, 2106, 2272
851, 341, 619, 829, 1586, 1278, 2273
852, 342, 620, 830, 1588, 1280, 2274
853, 527, 413, 541, 2275, 1997, 2276
854, 528, 414, 543, 2277, 1999, 2278
855, 501, 678, 696, 1946, 2279, 2280
856, 502, 677, 695, 1948, 2281, 2282
857, 381, 414, 528, 2283, 2277, 1747
858, 392, 413, 527, 2284, 2275, 1750
859, 16, 341, 829, 2171, 2273, 2285
860, 19, 342, 830, 2172, 2274, 2286
861, 311, 346, 721, 1856, 1336, 2287
862, 312, 360, 722, 1858, 1338, 2288
863, 370, 466, 695, 2002, 2289, 2290
864, 356, 465, 696, 2001, 2291, 2292
865, 678, 356, 696, 2054, 2292, 2279
866, 677, 370, 695, 2053, 2290, 2281
867, 542, 413, 702, 1998, 2293, 1104
868, 544, 414, 701, 2000, 2294, 1106
869, 493, 494, 547, 2199, 2155, 2117
870, 495, 496, 551, 2202, 2158, 2120
871, 38, 329, 787, 1645, 2295, 2296
872, 124, 330, 788, 1646, 2297, 2298
873, 321, 85, 799, 1611, 2299, 2300
874, 322, 171, 800, 1612, 2301, 2302
875, 418, 421, 703, 1863, 2263, 2028
876, 427, 430, 704, 1866, 2265, 2030
877, 381, 376, 414, 2245, 2303, 2283
878, 392, 387, 413, 2247, 2304, 2284
879, 86, 335, 799, 1624, 2176, 2305
880, 172, 336, 800, 1626, 2178, 2306
881, 670, 610, 845, 1323, 2307, 2308
882, 669, 609, 846, 1320, 2309, 2310
883, 424, 509, 687, 2079, 2311, 2312
884, 433, 510, 688, 2082, 2313, 2314
885, 459, 441, 460, 2192, 2230, 2115
886, 457, 442, 458, 2194, 2227, 2113
887, 523, 583, 795, 1190, 1180, 2315
888, 524, 584, 796, 1192, 1182, 2316
889, 420, 424, 687, 2167, 2312, 2239
890, 429, 433, 688, 2168, 2314, 2241
891, 439, 422, 687, 2101, 2240, 2317
892, 440, 431, 688, 2102, 2242, 2318
893, 788, 330, 854, 2297, 2319, 2320
894, 787, 329, 853, 2295, 2321, 2322
895, 585, 515, 771, 892, 2323, 2324
896, 587, 516, 772, 895, 2325, 2326
897, 515, 593, 771, 903, 2327, 2323
898, 516, 594, 772, 906, 2328, 2325
899, 509, 451, 691, 2078, 2329, 2330
900, 510, 452, 692, 2081, 2331, 2332
901, 225, 226, 555, 228, 1043, 1385
902, 295, 296, 556, 298, 1046, 1388
903, 615, 513, 725, 2036, 2333, 2334
904, 617, 514, 726, 2038, 2335, 2336
905, 568, 449, 824, 1895, 1793, 1342
906, 567, 450, 822, 1892, 1796, 1340
907, 575, 661, 819, 2337, 2338, 2339
908, 576, 662, 820, 2340, 2341, 2342
909, 709, 471, 741, 1253, 2343, 2207
910, 710, 472, 742, 1255, 2344, 2209
911, 377, 525, 701, 2134, 983, 2345
912, 388, 526, 702, 2136, 986, 2346
913, 260, 261, 517, 263, 1287, 1048
914, 270, 271, 518, 273, 1290, 1051
915, 380, 521, 843, 1590, 1326, 2347
916, 391, 522, 844, 1592, 1328, 2348
917, 48, 689, 719, 1754, 2256, 1551
918, 134, 690, 720, 1756, 2258, 1553
919, 611, 623, 780, 1373, 2349, 1547
920, 613, 624, 779, 1376, 2350, 1549
921, 593, 485, 773, 902, 2351, 2352
922, 594, 486, 774, 905, 2353, 2354
923, 451, 511, 691, 2237, 2355, 2329
924, 452, 512, 692, 2238, 2356, 2331
925, 41, 333, 723, 1532, 2357, 2087
926, 127, 334, 724, 1534, 2358, 2088
927, 52, 2, 811, 81, 2359, 2360
928, 138, 4, 812, 167, 2361, 2362
929, 421, 423, 717, 1787, 1815, 2264
930, 430, 432, 718, 1790, 1816, 2266
931, 376, 377, 701, 2056, 2345, 2363
932, 387, 388, 702, 2058, 2346, 2364
933, 36, 37, 711, 65, 2365, 1649
934, 122, 123, 712, 151, 2366, 1651
935, 2, 82, 811, 96, 2367, 2359
936, 4, 168, 812, 182, 2368, 2361
937, 435, 619, 819, 1148, 2369, 2370
938, 436, 620, 820, 1150, 2371, 2372
939, 373, 371, 759, 886, 2064, 2373
940, 384, 382, 760, 889, 2066, 2374
941, 333, 42, 729, 1531, 2039, 1163
942, 334, 128, 730, 1533, 2040, 1165
943, 251, 311, 721, 1740, 2287, 897
944, 281, 312, 722, 1742, 2288, 899
945, 565, 474, 697, 2181, 2375, 2376
946, 566, 477, 698, 2183, 2377, 2378
947, 488, 5, 783, 996, 2379, 2380
948, 491, 6, 784, 999, 2381, 2382
949, 494, 415, 731, 2198, 2383, 2384
950, 496, 416, 732, 2201, 2385, 2386
951, 397, 395, 873, 1846, 1934, 2387
952, 402, 400, 874, 1849, 1936, 2388
953, 601, 523, 795, 1123, 2315, 2143
954, 602, 524, 796, 1124, 2316, 2144
955, 548, 494, 867, 2156, 2389, 2390
956, 552, 496, 868, 2159, 2391, 2392
957, 591, 685, 843, 2075, 2393, 1325
958, 592, 686, 844, 2076, 2394, 1327
959, 467, 240, 763, 969, 2395, 1142
960, 468, 290, 764, 971, 2396, 1145
961, 511, 534, 727, 2219, 1203, 2397
962, 512, 536, 728, 2222, 1206, 2398
963, 489, 693, 855, 2215, 2399, 2400
964, 492, 694, 856, 2216, 2401, 2402
965, 474, 460, 697, 2188, 2403, 2375
966, 477, 458, 698, 2187, 2404, 2377
967, 681, 581, 743, 1930, 2405, 2406
968, 683, 582, 744, 1929, 2407, 2408
969, 460, 545, 697, 2232, 2409, 2403
970, 458, 546, 698, 2229, 2410, 2404
971, 439, 687, 725, 2317, 2411, 2412
972, 440, 688, 726, 2318, 2413, 2414
973, 559, 755, 809, 1330, 2415, 2416
974, 560, 756, 810, 1332, 2417, 2418
975, 500, 600, 789, 1910, 1088, 2419
976, 499, 598, 790, 1907, 1090, 2420
977, 414, 376, 701, 2303, 2363, 2294
978, 413, 387, 702, 2304, 2364, 2293
979, 256, 16, 829, 259, 2285, 2421
980, 266, 19, 830, 269, 2286, 2422
981, 246, 393, 523, 2083, 1185, 991
982, 276, 398, 524, 2084, 1188, 993
983, 687, 509, 725, 2311, 2423, 2411
984, 688, 510, 726, 2313, 2424, 2413
985, 685, 577, 843, 2425, 2426, 2393
986, 686, 578, 844, 2427, 2428, 2394
987, 46, 629, 713, 1241, 2429, 2430
988, 132, 630, 714, 1242, 2431, 2432
989, 632, 31, 715, 1244, 2433, 2434
990, 631, 117, 716, 1243, 2435, 2436
991, 661, 483, 819, 1976, 2437, 2338
992, 662, 484, 820, 1979, 2438, 2341
993, 698, 546, 786, 2410, 1007, 2147
994, 697, 545, 785, 2409, 1010, 2150
995, 1, 25, 817, 53, 2439, 2440
996, 3, 111, 818, 139, 2441, 2442
997, 739, 489, 855, 1257, 2400, 2443
998, 740, 492, 856, 1259, 2402, 2444
999, 9, 225, 632, 227, 1443, 2445
1000, 22, 295, 631, 297, 1444, 2446
1001, 261, 13, 629, 264, 2447, 1333
1002, 271, 18, 630, 274, 2448, 1334
1003, 10, 235, 821, 237, 1656, 2449
1004, 21, 285, 823, 287, 1654, 2450
1005, 181, 1, 817, 196, 2440, 2451
1006, 95, 3, 818, 110, 2442, 2452
1007, 320, 634, 848, 1564, 2453, 2454
1008, 319, 633, 847, 1562, 2455, 2456
1009, 14, 255, 825, 257, 1674, 2457
1010, 17, 265, 826, 267, 1676, 2458
1011, 394, 396, 751, 1943, 2459, 2460
1012, 399, 401, 752, 1944, 2461, 2462
1013, 505, 10, 821, 1797, 2449, 2463
1014, 503, 21, 823, 1799, 2450, 2464
1015, 771, 437, 850, 2465, 2466, 2467
1016, 772, 438, 849, 2468, 2469, 2470
1017, 493, 607, 751, 2119, 2103, 2471
1018, 495, 608, 752, 2122, 2105, 2472
1019, 447, 461, 775, 1595, 2473, 1236
1020, 448, 462, 776, 1598, 2474, 1239
1021, 437, 771, 859, 2465, 2475, 2476
1022, 438, 772, 860, 2468, 2477, 2478
1023, 415, 537, 731, 1950, 1406, 2383
1024, 416, 538, 732, 1952, 1408, 2385
1025, 469, 394, 751, 1501, 2460, 2269
1026, 470, 399, 752, 1502, 2462, 2271
1027, 199, 319, 847, 1667, 2456, 2479
1028, 213, 320, 848, 1668, 2454, 2480
1029, 343, 14, 825, 1819, 2457, 2481
1030, 357, 17, 826, 1820, 2458, 2482
1031, 513, 439, 725, 2169, 2412, 2333
1032, 514, 440, 726, 2170, 2414, 2335
1033, 45, 46, 713, 74, 2430, 1307
1034, 131, 132, 714, 160, 2432, 1308
1035, 117, 118, 716, 146, 1821, 2435
1036, 31, 32, 715, 60, 1823, 2433
1037, 780, 623, 785, 2349, 2483, 1020
1038, 779, 624, 786, 2350, 2484, 1018
1039, 241, 9, 851, 244, 2485, 2486
1040, 291, 22, 852, 294, 2487, 2488
1041, 667, 525, 777, 1197, 2489, 2490
1042, 668, 526, 778, 1199, 2491, 2492
1043, 641, 471, 793, 1484, 1254, 2493
1044, 642, 472, 794, 1487, 1256, 2494
1045, 711, 37, 787, 2365, 2495, 1315
1046, 712, 123, 788, 2366, 2496, 1317
1047, 354, 529, 831, 1801, 2497, 2138
1048, 368, 530, 832, 1802, 2498, 2141
1049, 321, 799, 835, 2300, 2499, 2500
1050, 322, 800, 836, 2302, 2501, 2502
1051, 87, 88, 733, 102, 1981, 1971
1052, 173, 174, 734, 188, 1982, 1972
1053, 651, 534, 841, 1201, 2503, 2504
1054, 652, 536, 842, 1204, 2505, 2506
1055, 741, 30, 802, 2023, 1172, 2507
1056, 742, 116, 801, 2025, 1169, 2508
1057, 521, 648, 737, 1557, 1368, 1310
1058, 522, 650, 738, 1560, 1370, 1313
1059, 696, 465, 747, 2291, 2509, 2510
1060, 695, 466, 748, 2289, 2511, 2512
1061, 807, 598, 853, 952, 2513, 2514
1062, 808, 600, 854, 955, 2515, 2516
1063, 640, 467, 780, 1577, 1548, 1019
1064, 639, 468, 779, 1575, 1550, 1017
1065, 639, 546, 870, 1005, 2517, 2518
1066, 640, 545, 869, 1008, 2519, 2520
1067, 417, 256, 829, 2163, 2421, 1277
1068, 426, 266, 830, 2165, 2422, 1279
1069, 236, 327, 828, 1888, 2521, 2522
1070, 286, 328, 827, 1890, 2523, 2524
1071, 481, 198, 847, 1641, 2525, 2526
1072, 482, 212, 848, 1638, 2527, 2528
1073, 540, 236, 828, 1937, 2522, 1221
1074, 539, 286, 827, 1938, 2524, 1223
1075, 471, 29, 741, 1573, 2024, 2343
1076, 472, 115, 742, 1574, 2026, 2344
1077, 577, 685, 809, 2425, 2529, 2530
1078, 578, 686, 810, 2427, 2531, 2532
1079, 691, 511, 727, 2355, 2397, 2533
1080, 692, 512, 728, 2356, 2398, 2534
1081, 455, 591, 737, 1874, 1311, 2185
1082, 456, 592, 738, 1876, 1314, 2186
1083, 699, 339, 837, 2249, 2535, 1529
1084, 700, 340, 838, 2250, 2536, 1527
1085, 569, 813, 873, 2537, 1269, 1933
1086, 570, 814, 874, 2538, 1272, 1935
1087, 669, 318, 833, 2539, 2540, 2541
1088, 670, 317, 834, 2542, 2543, 2544
1089, 198, 199, 847, 202, 2479, 2525
1090, 212, 213, 848, 216, 2480, 2527
1091, 461, 563, 757, 1601, 2545, 2546
1092, 462, 564, 758, 1604, 2547, 2548
1093, 354, 637, 857, 2137, 2549, 2550
1094, 368, 638, 858, 2140, 2551, 2552
1095, 313, 374, 735, 1468, 2553, 1121
1096, 314, 385, 736, 1470, 2554, 1118
1097, 525, 379, 777, 2133, 2555, 2489
1098, 526, 390, 778, 2135, 2556, 2491
1099, 739, 548, 867, 2557, 2390, 2558
1100, 740, 552, 868, 2559, 2392, 2560
1101, 9, 632, 715, 2445, 2434, 2561
1102, 22, 631, 716, 2446, 2436, 2562
1103, 629, 13, 713, 2447, 1025, 2429
1104, 630, 18, 714, 2448, 1026, 2431
1105, 685, 443, 809, 2111, 2563, 2529
1106, 686, 444, 810, 2112, 2564, 2531
1107, 569, 595, 813, 1378, 1566, 2537
1108, 570, 596, 814, 1380, 1568, 2538
1109, 616, 615, 753, 1409, 2565, 1230
1110, 618, 617, 754, 1411, 2566, 1233
1111, 785, 331, 839, 2567, 2568, 2151
1112, 786, 332, 840, 2569, 2570, 2148
1113, 607, 547, 803, 2118, 2571, 1701
1114, 608, 551, 804, 2121, 2572, 1703
1115, 647, 373, 759, 1504, 2373, 1995
1116, 649, 384, 760, 1507, 2374, 1996
1117, 696, 747, 782, 2510, 2573, 2574
1118, 695, 748, 781, 2512, 2575, 2576
1119, 509, 691, 753, 2330, 1231, 2577
1120, 510, 692, 754, 2332, 1234, 2578
1121, 374, 381, 735, 2246, 1803, 2553
1122, 385, 392, 736, 2248, 1804, 2554
1123, 599, 788, 854, 1318, 2320, 2579
1124, 597, 787, 853, 1316, 2322, 2580
1125, 546, 442, 870, 2228, 2581, 2517
1126, 545, 441, 869, 2231, 2582, 2519
1127, 628, 449, 865, 1791, 2583, 2584
1128, 626, 450, 866, 1794, 2585, 2586
1129, 682, 681, 743, 1883, 2406, 1294
1130, 684, 683, 744, 1884, 2408, 1297
1131, 403, 640, 869, 1578, 2520, 2587
1132, 408, 639, 870, 1576, 2518, 2588
1133, 581, 669, 833, 1870, 2541, 2589
1134, 582, 670, 834, 1868, 2544, 2590
1135, 623, 331, 785, 1452, 2567, 2483
1136, 624, 332, 786, 1455, 2569, 2484
1137, 586, 585, 781, 1363, 2591, 2592
1138, 588, 587, 782, 1365, 2593, 2594
1139, 409, 408, 870, 2179, 2588, 2595
1140, 404, 403, 869, 2180, 2587, 2596
1141, 633, 586, 815, 1561, 2597, 1403
1142, 634, 588, 816, 1563, 2598, 1401
1143, 5, 197, 783, 200, 1765, 2379
1144, 6, 211, 784, 214, 1763, 2381
1145, 339, 641, 749, 1629, 2599, 2600
1146, 340, 642, 750, 1632, 2601, 2602
1147, 583, 469, 765, 1189, 2270, 2603
1148, 584, 470, 766, 1191, 2272, 2604
1149, 691, 727, 835, 2533, 2605, 1249
1150, 692, 728, 836, 2534, 2606, 1251
1151, 465, 605, 747, 2005, 2607, 2509
1152, 466, 606, 748, 2006, 2608, 2511
1153, 541, 666, 837, 913, 1530, 2609
1154, 543, 664, 838, 916, 1528, 2610
1155, 519, 689, 791, 2255, 2016, 2611
1156, 520, 690, 792, 2257, 2018, 2612
1157, 643, 453, 761, 1618, 2205, 2093
1158, 645, 454, 762, 1621, 2206, 2094
1159, 305, 655, 805, 1439, 1448, 1734
1160, 306, 659, 806, 1442, 1450, 1737
1161, 332, 712, 840, 1652, 2613, 2570
1162, 331, 711, 839, 1650, 2614, 2568
1163, 463, 577, 755, 1835, 2615, 1126
1164, 464, 578, 756, 1838, 2616, 1129
1165, 534, 533, 745, 2218, 2617, 2618
1166, 536, 535, 746, 2221, 2619, 2620
1167, 619, 575, 819, 1585, 2339, 2369
1168, 620, 576, 820, 1587, 2342, 2371
1169, 656, 667, 777, 1633, 2490, 1915
1170, 660, 668, 778, 1634, 2492, 1917
1171, 527, 541, 749, 2276, 2621, 2622
1172, 528, 543, 750, 2278, 2623, 2624
1173, 605, 682, 816, 1400, 1402, 2625
1174, 606, 684, 815, 1398, 1404, 2626
1175, 9, 715, 851, 2561, 1824, 2485
1176, 22, 716, 852, 2562, 1822, 2487
1177, 337, 635, 797, 1524, 2627, 1613
1178, 338, 636, 798, 1526, 2628, 1615
1179, 610, 488, 783, 1706, 2380, 2629
1180, 609, 491, 784, 1709, 2382, 2630
1181, 501, 696, 782, 2280, 2574, 2631
1182, 502, 695, 781, 2282, 2576, 2632
1183, 529, 679, 757, 1912, 2633, 2634
1184, 530, 680, 758, 1914, 2635, 2636
1185, 461, 757, 775, 2546, 2637, 2473
1186, 462, 758, 776, 2548, 2638, 2474
1187, 396, 493, 751, 2223, 2471, 2459
1188, 401, 495, 752, 2224, 2472, 2461
1189, 240, 241, 763, 243, 2639, 2395
1190, 290, 291, 764, 293, 2640, 2396
1191, 405, 407, 770, 1940, 1349, 2641
1192, 410, 412, 769, 1942, 1352, 2642
1193, 743, 581, 833, 2405, 2589, 2643
1194, 744, 582, 834, 2407, 2590, 2644
1195, 661, 575, 791, 2337, 2645, 1358
1196, 662, 576, 792, 2340, 2646, 1361
1197, 633, 481, 847, 1489, 2526, 2455
1198, 634, 482, 848, 1491, 2528, 2453
1199, 745, 479, 841, 2259, 2647, 2648
1200, 746, 480, 842, 2261, 2649, 2650
1201, 615, 725, 753, 2334, 2651, 2565
1202, 617, 726, 754, 2336, 2652, 2566
1203, 37, 38, 787, 66, 2296, 2495
1204, 123, 124, 788, 152, 2298, 2496
1205, 25, 699, 817, 1992, 2653, 2439
1206, 111, 700, 818, 1994, 2654, 2441
1207, 563, 637, 831, 1109, 2139, 2655
1208, 564, 638, 832, 1107, 2142, 2656
1209, 622, 527, 793, 1751, 2657, 1219
1210, 621, 528, 794, 1748, 2658, 1216
1211, 504, 671, 872, 1099, 2659, 2660
1212, 506, 672, 871, 1102, 2661, 2662
1213, 763, 241, 851, 2639, 2486, 2663
1214, 764, 291, 852, 2640, 2488, 2664
1215, 527, 749, 793, 2622, 2665, 2657
1216, 528, 750, 794, 2624, 2666, 2658
1217, 379, 463, 777, 2045, 1916, 2555
1218, 390, 464, 778, 2046, 1918, 2556
1219, 85, 86, 799, 100, 2305, 2299
1220, 171, 172, 800, 186, 2306, 2301
1221, 745, 533, 797, 2617, 2667, 2668
1222, 746, 535, 798, 2619, 2669, 2670
1223, 679, 579, 775, 2073, 1281, 2671
1224, 680, 580, 776, 2074, 1282, 2672
1225, 478, 500, 789, 2108, 2419, 1419
1226, 475, 499, 790, 2110, 2420, 1421
1227, 410, 769, 827, 2642, 1224, 2673
1228, 405, 770, 828, 2641, 1222, 2674
1229, 757, 679, 775, 2633, 2671, 2637
1230, 758, 680, 776, 2635, 2672, 2638
1231, 635, 745, 797, 2260, 2668, 2627
1232, 636, 746, 798, 2262, 2670, 2628
1233, 479, 705, 841, 2675, 2676, 2647
1234, 480, 706, 842, 2677, 2678, 2649
1235, 725, 509, 753, 2423, 2577, 2651
1236, 726, 510, 754, 2424, 2578, 2652
1237, 317, 670, 845, 2542, 2308, 1542
1238, 318, 669, 846, 2539, 2310, 1545
1239, 485, 708, 773, 1070, 2162, 2351
1240, 486, 707, 774, 1068, 2161, 2353
1241, 479, 52, 811, 1677, 2360, 2679
1242, 480, 138, 812, 1678, 2362, 2680
1243, 705, 651, 841, 2243, 2504, 2676
1244, 706, 652, 842, 2244, 2506, 2678
1245, 747, 588, 782, 2681, 2594, 2573
1246, 748, 586, 781, 2682, 2592, 2575
1247, 575, 519, 791, 1475, 2611, 2645
1248, 576, 520, 792, 1477, 2612, 2646
1249, 533, 661, 797, 1977, 1614, 2667
1250, 535, 662, 798, 1980, 1616, 2669
1251, 774, 673, 863, 1424, 2683, 2684
1252, 773, 674, 864, 1427, 2685, 2686
1253, 700, 663, 818, 1392, 2687, 2654
1254, 699, 665, 817, 1395, 2688, 2653
1255, 443, 559, 809, 2129, 2416, 2563
1256, 444, 560, 810, 2132, 2418, 2564
1257, 437, 502, 850, 1928, 2689, 2466
1258, 438, 501, 849, 1925, 2690, 2469
1259, 719, 517, 767, 1959, 1289, 1859
1260, 720, 518, 768, 1961, 1292, 1860
1261, 671, 372, 872, 882, 2691, 2659
1262, 672, 383, 871, 884, 2692, 2661
1263, 729, 583, 765, 1152, 2603, 1164
1264, 730, 584, 766, 1155, 2604, 1166
1265, 231, 307, 861, 1744, 2693, 2694
1266, 301, 308, 862, 1746, 2695, 2696
1267, 318, 482, 833, 1639, 2697, 2540
1268, 317, 481, 834, 1642, 2698, 2543
1269, 749, 641, 793, 2599, 2493, 2665
1270, 750, 642, 794, 2601, 2494, 2666
1271, 82, 705, 811, 2060, 2699, 2367
1272, 168, 706, 812, 2062, 2700, 2368
1273, 547, 549, 803, 2267, 2701, 2571
1274, 551, 553, 804, 2268, 2702, 2572
1275, 353, 507, 813, 1987, 1274, 1565
1276, 367, 508, 814, 1990, 1276, 1567
1277, 603, 550, 807, 2195, 1112, 1807
1278, 604, 554, 808, 2196, 1114, 1809
1279, 663, 95, 818, 1817, 2452, 2687
1280, 665, 181, 817, 1818, 2451, 2688
1281, 577, 380, 843, 1834, 2347, 2426
1282, 578, 391, 844, 1837, 2348, 2428
1283, 450, 369, 866, 1881, 2703, 2585
1284, 449, 355, 865, 1878, 2704, 2583
1285, 559, 589, 805, 2173, 2145, 1447
1286, 560, 590, 806, 2174, 2146, 1449
1287, 628, 503, 823, 1851, 2464, 2051
1288, 626, 505, 821, 1853, 2463, 2052
1289, 382, 231, 861, 1969, 2694, 2253
1290, 371, 301, 862, 1970, 2696, 2251
1291, 328, 410, 827, 1965, 2673, 2523
1292, 327, 405, 828, 1968, 2674, 2521
1293, 571, 343, 825, 1919, 2481, 958
1294, 572, 357, 826, 1921, 2482, 961
1295, 501, 782, 849, 2631, 2705, 2690
1296, 502, 781, 850, 2632, 2706, 2689
1297, 673, 397, 873, 1812, 2387, 1268
1298, 674, 402, 874, 1814, 2388, 1271
1299, 637, 627, 857, 1897, 2707, 2549
1300, 638, 625, 858, 1898, 2708, 2551
1301, 549, 723, 803, 1498, 2709, 2701
1302, 553, 724, 804, 1500, 2710, 2702
1303, 483, 435, 819, 2211, 2370, 2437
1304, 484, 436, 820, 2213, 2372, 2438
1305, 550, 548, 855, 2068, 2711, 2712
1306, 554, 552, 856, 2071, 2713, 2714
1307, 673, 507, 863, 1273, 2715, 2683
1308, 674, 508, 864, 1275, 2716, 2685
1309, 747, 605, 816, 2607, 2625, 2717
1310, 748, 606, 815, 2608, 2626, 2718
1311, 369, 368, 858, 1731, 2552, 2719
1312, 355, 354, 857, 1729, 2550, 2720
1313, 482, 743, 833, 1492, 2643, 2697
1314, 481, 744, 834, 1490, 2644, 2698
1315, 712, 566, 840, 1265, 2721, 2613
1316, 711, 565, 839, 1262, 2722, 2614
1317, 723, 333, 803, 2357, 1702, 2709
1318, 724, 334, 804, 2358, 1704, 2710
1319, 799, 616, 835, 2175, 1250, 2499
1320, 800, 618, 836, 2177, 1252, 2501
1321, 555, 741, 802, 2208, 2507, 1386
1322, 556, 742, 801, 2210, 2508, 1389
1323, 308, 504, 872, 1826, 2660, 2723
1324, 307, 506, 871, 1828, 2662, 2724
1325, 625, 626, 866, 1854, 2586, 2725
1326, 627, 628, 865, 1852, 2584, 2726
1327, 705, 479, 811, 2675, 2679, 2699
1328, 706, 480, 812, 2677, 2680, 2700
1329, 612, 763, 851, 1284, 2663, 1459
1330, 614, 764, 852, 1286, 2664, 1457
1331, 600, 599, 854, 1909, 2579, 2515
1332, 598, 597, 853, 1906, 2580, 2513
1333, 508, 437, 859, 1989, 2476, 2727
1334, 507, 438, 860, 1986, 2478, 2728
1335, 781, 585, 850, 2591, 2729, 2706
1336, 782, 587, 849, 2593, 2730, 2705
1337, 441, 404, 869, 2233, 2596, 2582
1338, 442, 409, 870, 2234, 2595, 2581
1339, 566, 698, 840, 2378, 2149, 2721
1340, 565, 697, 839, 2376, 2152, 2722
1341, 693, 550, 855, 1111, 2712, 2399
1342, 694, 554, 856, 1113, 2714, 2401
1343, 494, 731, 867, 2384, 2731, 2389
1344, 496, 732, 868, 2386, 2732, 2391
1345, 755, 577, 809, 2615, 2530, 2415
1346, 756, 578, 810, 2616, 2532, 2417
1347, 727, 321, 835, 1246, 2500, 2605
1348, 728, 322, 836, 1248, 2502, 2606
1349, 749, 541, 837, 2621, 2609, 2733
1350, 750, 543, 838, 2623, 2610, 2734
1351, 731, 573, 867, 1012, 2735, 2731
1352, 732, 574, 868, 1015, 2736, 2732
1353, 586, 748, 815, 2682, 2718, 2597
1354, 588, 747, 816, 2681, 2717, 2598
1355, 573, 739, 867, 1258, 2558, 2735
1356, 574, 740, 868, 1260, 2560, 2736
1357, 858, 625, 866, 2708, 2725, 2737
1358, 857, 627, 865, 2707, 2726, 2738
1359, 355, 857, 865, 2720, 2738, 2704
1360, 369, 858, 866, 2719, 2737, 2703
1361, 757, 563, 831, 2545, 2655, 2739
1362, 758, 564, 832, 2547, 2656, 2740
1363, 529, 757, 831, 2634, 2739, 2497
1364, 530, 758, 832, 2636, 2740, 2498
1365, 609, 784, 846, 2630, 1764, 2309
1366, 610, 783, 845, 2629, 1766, 2307
1367, 534, 745, 841, 2618, 2648, 2503
1368, 536, 746, 842, 2620, 2650, 2505
1369, 548, 739, 855, 2557, 2443, 2711
1370, 552, 740, 856, 2559, 2444, 2713
1371, 771, 593, 859, 2327, 2741, 2475
1372, 772, 594, 860, 2328, 2742, 2477
1373, 861, 307, 871, 2693, 2724, 2743
1374, 862, 308, 872, 2695, 2723, 2744
1375, 339, 749, 837, 2600, 2733, 2535
1376, 340, 750, 838, 2602, 2734, 2536
1377, 372, 862, 872, 2252, 2744, 2691
1378, 383, 861, 871, 2254, 2743, 2692
1379, 593, 773, 864, 2352, 2686, 2745
1380, 594, 774, 863, 2354, 2684, 2746
1381, 329, 807, 853, 1808, 2514, 2321
1382, 330, 808, 854, 1810, 2516, 2319
1383, 585, 771, 850, 2324, 2467, 2729
1384, 587, 772, 849, 2326, 2470, 2730
1385, 507, 860, 863, 2728, 2747, 2715
1386, 508, 859, 864, 2727, 2748, 2716
1387, 859, 593, 864, 2741, 2745, 2748
1388, 860, 594, 863, 2742, 2746, 2747
*ELSET,ELSET=PhysicalLine1
1, 2, 3, 4, 5, 6, 7, 8, 9, 10, 
11, 12, 13, 14, 15, 16, 17, 18, 19, 20, 
21, 22, 23, 24, 25, 26, 27, 28, 29, 
*ELSET,ELSET=PhysicalLine2
30, 31, 32, 33, 34, 35, 36, 37, 38, 39, 
40, 41, 42, 43, 44, 
*ELSET,ELSET=PhysicalLine3
45, 46, 47, 48, 49, 50, 51, 52, 53, 54, 
55, 56, 57, 58, 59, 60, 61, 62, 63, 64, 
65, 66, 67, 68, 69, 70, 71, 72, 73, 
*ELSET,ELSET=PhysicalLine4
74, 75, 76, 77, 78, 79, 80, 81, 82, 83, 
84, 85, 86, 87, 88, 
*ELSET,ELSET=PhysicalSurface6
89, 90, 91, 92, 93, 94, 95, 96, 97, 98, 
99, 100, 101, 102, 103, 104, 105, 106, 107, 108, 
109, 110, 111, 112, 113, 114, 115, 116, 117, 118, 
119, 120, 121, 122, 123, 124, 125, 126, 127, 128, 
129, 130, 131, 132, 133, 134, 135, 136, 137, 138, 
139, 140, 141, 142, 143, 144, 145, 146, 147, 148, 
149, 150, 151, 152, 153, 154, 155, 156, 157, 158, 
159, 160, 161, 162, 163, 164, 165, 166, 167, 168, 
169, 170, 171, 172, 173, 174, 175, 176, 177, 178, 
179, 180, 181, 182, 183, 184, 185, 186, 187, 188, 
189, 190, 191, 192, 193, 194, 195, 196, 197, 198, 
199, 200, 201, 202, 203, 204, 205, 206, 207, 208, 
209, 210, 211, 212, 213, 214, 215, 216, 217, 218, 
219, 220, 221, 222, 223, 224, 225, 226, 227, 228, 
229, 230, 231, 232, 233, 234, 235, 236, 237, 238, 
239, 240, 241, 242, 243, 244, 245, 246, 247, 248, 
249, 250, 251, 252, 253, 254, 255, 256, 257, 258, 
259, 260, 261, 262, 263, 264, 265, 266, 267, 268, 
269, 270, 271, 272, 273, 274, 275, 276, 277, 278, 
279, 280, 281, 282, 283, 284, 285, 286, 287, 288, 
289, 290, 291, 292, 293, 294, 295, 296, 297, 298, 
299, 300, 301, 302, 303, 304, 305, 306, 307, 308, 
309, 310, 311, 312, 313, 314, 315, 316, 317, 318, 
319, 320, 321, 322, 323, 324, 325, 326, 327, 328, 
329, 330, 331, 332, 333, 334, 335, 336, 337, 338, 
339, 340, 341, 342, 343, 344, 345, 346, 347, 348, 
349, 350, 351, 352, 353, 354, 355, 356, 357, 358, 
359, 360, 361, 362, 363, 364, 365, 366, 367, 368, 
369, 370, 371, 372, 373, 374, 375, 376, 377, 378, 
379, 380, 381, 382, 383, 384, 385, 386, 387, 388, 
389, 390, 391, 392, 393, 394, 395, 396, 397, 398, 
399, 400, 401, 402, 403, 404, 405, 406, 407, 408, 
409, 410, 411, 412, 413, 414, 415, 416, 417, 418, 
419, 420, 421, 422, 423, 424, 425, 426, 427, 428, 
429, 430, 431, 432, 433, 434, 435, 436, 437, 438, 
439, 440, 441, 442, 443, 444, 445, 446, 447, 448, 
449, 450, 451, 452, 453, 454, 455, 456, 457, 458, 
459, 460, 461, 462, 463, 464, 465, 466, 467, 468, 
469, 470, 471, 472, 473, 474, 475, 476, 477, 478, 
479, 480, 481, 482, 483, 484, 485, 486, 487, 488, 
489, 490, 491, 492, 493, 494, 495, 496, 497, 498, 
499, 500, 501, 502, 503, 504, 505, 506, 507, 508, 
509, 510, 511, 512, 513, 514, 515, 516, 517, 518, 
519, 520, 521, 522, 523, 524, 525, 526, 527, 528, 
529, 530, 531, 532, 533, 534, 535, 536, 537, 538, 
539, 540, 541, 542, 543, 544, 545, 546, 547, 548, 
549, 550, 551, 552, 553, 554, 555, 556, 557, 558, 
559, 560, 561, 562, 563, 564, 565, 566, 567, 568, 
569, 570, 571, 572, 573, 574, 575, 576, 577, 578, 
579, 580, 581, 582, 583, 584, 585, 586, 587, 588, 
589, 590, 591, 592, 593, 594, 595, 596, 597, 598, 
599, 600, 601, 602, 603, 604, 605, 606, 607, 608, 
609, 610, 611, 612, 613, 614, 615, 616, 617, 618, 
619, 620, 621, 622, 623, 624, 625, 626, 627, 628, 
629, 630, 631, 632, 633, 634, 635, 636, 637, 638, 
639, 640, 641, 642, 643, 644, 645, 646, 647, 648, 
649, 650, 651, 652, 653, 654, 655, 656, 657, 658, 
659, 660, 661, 662, 663, 664, 665, 666, 667, 668, 
669, 670, 671, 672, 673, 674, 675, 676, 677, 678, 
679, 680, 681, 682, 683, 684, 685, 686, 687, 688, 
689, 690, 691, 692, 693, 694, 695, 696, 697, 698, 
699, 700, 701, 702, 703, 704, 705, 706, 707, 708, 
709, 710, 711, 712, 713, 714, 715, 716, 717, 718, 
719, 720, 721, 722, 723, 724, 725, 726, 727, 728, 
729, 730, 731, 732, 733, 734, 735, 736, 737, 738, 
739, 740, 741, 742, 743, 744, 745, 746, 747, 748, 
749, 750, 751, 752, 753, 754, 755, 756, 757, 758, 
759, 760, 761, 762, 763, 764, 765, 766, 767, 768, 
769, 770, 771, 772, 773, 774, 775, 776, 777, 778, 
779, 780, 781, 782, 783, 784, 785, 786, 787, 788, 
789, 790, 791, 792, 793, 794, 795, 796, 797, 798, 
799, 800, 801, 802, 803, 804, 805, 806, 807, 808, 
809, 810, 811, 812, 813, 814, 815, 816, 817, 818, 
819, 820, 821, 822, 823, 824, 825, 826, 827, 828, 
829, 830, 831, 832, 833, 834, 835, 836, 837, 838, 
839, 840, 841, 842, 843, 844, 845, 846, 847, 848, 
849, 850, 851, 852, 853, 854, 855, 856, 857, 858, 
859, 860, 861, 862, 863, 864, 865, 866, 867, 868, 
869, 870, 871, 872, 873, 874, 875, 876, 877, 878, 
879, 880, 881, 882, 883, 884, 885, 886, 887, 888, 
889, 890, 891, 892, 893, 894, 895, 896, 897, 898, 
899, 900, 901, 902, 903, 904, 905, 906, 907, 908, 
909, 910, 911, 912, 913, 914, 915, 916, 917, 918, 
919, 920, 921, 922, 923, 924, 925, 926, 927, 928, 
929, 930, 931, 932, 933, 934, 935, 936, 937, 938, 
939, 940, 941, 942, 943, 944, 945, 946, 947, 948, 
949, 950, 951, 952, 953, 954, 955, 956, 957, 958, 
959, 960, 961, 962, 963, 964, 965, 966, 967, 968, 
969, 970, 971, 972, 973, 974, 975, 976, 977, 978, 
979, 980, 981, 982, 983, 984, 985, 986, 987, 988, 
989, 990, 991, 992, 993, 994, 995, 996, 997, 998, 
999, 1000, 1001, 1002, 1003, 1004, 1005, 1006, 1007, 1008, 
1009, 1010, 1011, 1012, 1013, 1014, 1015, 1016, 1017, 1018, 
1019, 1020, 1021, 1022, 1023, 1024, 1025, 1026, 1027, 1028, 
1029, 1030, 1031, 1032, 1033, 1034, 1035, 1036, 1037, 1038, 
1039, 1040, 1041, 1042, 1043, 1044, 1045, 1046, 1047, 1048, 
1049, 1050, 1051, 1052, 1053, 1054, 1055, 1056, 1057, 1058, 
1059, 1060, 1061, 1062, 1063, 1064, 1065, 1066, 1067, 1068, 
1069, 1070, 1071, 1072, 1073, 1074, 1075, 1076, 1077, 1078, 
1079, 1080, 1081, 1082, 1083, 1084, 1085, 1086, 1087, 1088, 
1089, 1090, 1091, 1092, 1093, 1094, 1095, 1096, 1097, 1098, 
1099, 1100, 1101, 1102, 1103, 1104, 1105, 1106, 1107, 1108, 
1109, 1110, 1111, 1112, 1113, 1114, 1115, 1116, 1117, 1118, 
1119, 1120, 1121, 1122, 1123, 1124, 1125, 1126, 1127, 1128, 
1129, 1130, 1131, 1132, 1133, 1134, 1135, 1136, 1137, 1138, 
1139, 1140, 1141, 1142, 1143, 1144, 1145, 1146, 1147, 1148, 
1149, 1150, 1151, 1152, 1153, 1154, 1155, 1156, 1157, 1158, 
1159, 1160, 1161, 1162, 1163, 1164, 1165, 1166, 1167, 1168, 
1169, 1170, 1171, 1172, 1173, 1174, 1175, 1176, 1177, 1178, 
1179, 1180, 1181, 1182, 1183, 1184, 1185, 1186, 1187, 1188, 
1189, 1190, 1191, 1192, 1193, 1194, 1195, 1196, 1197, 1198, 
1199, 1200, 1201, 1202, 1203, 1204, 1205, 1206, 1207, 1208, 
1209, 1210, 1211, 1212, 1213, 1214, 1215, 1216, 1217, 1218, 
1219, 1220, 1221, 1222, 1223, 1224, 1225, 1226, 1227, 1228, 
1229, 1230, 1231, 1232, 1233, 1234, 1235, 1236, 1237, 1238, 
1239, 1240, 1241, 1242, 1243, 1244, 1245, 1246, 1247, 1248, 
1249, 1250, 1251, 1252, 1253, 1254, 1255, 1256, 1257, 1258, 
1259, 1260, 1261, 1262, 1263, 1264, 1265, 1266, 1267, 1268, 
1269, 1270, 1271, 1272, 1273, 1274, 1275, 1276, 1277, 1278, 
1279, 1280, 1281, 1282, 1283, 1284, 1285, 1286, 1287, 1288, 
1289, 1290, 1291, 1292, 1293, 1294, 1295, 1296, 1297, 1298, 
1299, 1300, 1301, 1302, 1303, 1304, 1305, 1306, 1307, 1308, 
1309, 1310, 1311, 1312, 1313, 1314, 1315, 1316, 1317, 1318, 
1319, 1320, 1321, 1322, 1323, 1324, 1325, 1326, 1327, 1328, 
1329, 1330, 1331, 1332, 1333, 1334, 1335, 1336, 1337, 1338, 
1339, 1340, 1341, 1342, 1343, 1344, 1345, 1346, 1347, 1348, 
1349, 1350, 1351, 1352, 1353, 1354, 1355, 1356, 1357, 1358, 
1359, 1360, 1361, 1362, 1363, 1364, 1365, 1366, 1367, 1368, 
1369, 1370, 1371, 1372, 1373, 1374, 1375, 1376, 1377, 1378, 
1379, 1380, 1381, 1382, 1383, 1384, 1385, 1386, 1387, 1388, 
*NSET,NSET=PhysicalLine1
1, 2, 25, 26, 27, 28, 29, 30, 31, 32, 
33, 34, 35, 36, 37, 38, 39, 40, 41, 42, 
43, 44, 45, 46, 47, 48, 49, 50, 51, 52, 
53, 54, 55, 56, 57, 58, 59, 60, 61, 62, 
63, 64, 65, 66, 67, 68, 69, 70, 71, 72, 
73, 74, 75, 76, 77, 78, 79, 80, 81, 
*NSET,NSET=PhysicalLine2
2, 3, 82, 83, 84, 85, 86, 87, 88, 89, 
90, 91, 92, 93, 94, 95, 96, 97, 98, 99, 
100, 101, 102, 103, 104, 105, 106, 107, 108, 109, 
110, 
*NSET,NSET=PhysicalLine3
3, 4, 111, 112, 113, 114, 115, 116, 117, 118, 
119, 120, 121, 122, 123, 124, 125, 126, 127, 128, 
129, 130, 131, 132, 133, 134, 135, 136, 137, 138, 
139, 140, 141, 142, 143, 144, 145, 146, 147, 148, 
149, 150, 151, 152, 153, 154, 155, 156, 157, 158, 
159, 160, 161, 162, 163, 164, 165, 166, 167, 
*NSET,NSET=PhysicalLine4
1, 4, 168, 169, 170, 171, 172, 173, 174, 175, 
176, 177, 178, 179, 180, 181, 182, 183, 184, 185, 
186, 187, 188, 189, 190, 191, 192, 193, 194, 195, 
196, 
*NSET,NSET=PhysicalSurface6
1, 2, 3, 4, 5, 6, 7, 8, 9, 10, 
11, 12, 13, 14, 15, 16, 17, 18, 19, 20, 
21, 22, 23, 24, 25, 26, 27, 28, 29, 30, 
31, 32, 33, 34, 35, 36, 37, 38, 39, 40, 
41, 42, 43, 44, 45, 46, 47, 48, 49, 50, 
51, 52, 53, 54, 55, 56, 57, 58, 59, 60, 
61, 62, 63, 64, 65, 66, 67, 68, 69, 70, 
71, 72, 73, 74, 75, 76, 77, 78, 79, 80, 
81, 82, 83, 84, 85, 86, 87, 88, 89, 90, 
91, 92, 93, 94, 95, 96, 97, 98, 99, 100, 
101, 102, 103, 104, 105, 106, 107, 108, 109, 110, 
111, 112, 113, 114, 115, 116, 117, 118, 119, 120, 
121, 122, 123, 124, 125, 126, 127, 128, 129, 130, 
131, 132, 133, 134, 135, 136, 137, 138, 139, 140, 
141, 142, 143, 144, 145, 146, 147, 148, 149, 150, 
151, 152, 153, 154, 155, 156, 157, 158, 159, 160, 
161, 162, 163, 164, 165, 166, 167, 168, 169, 170, 
171, 172, 173, 174, 175, 176, 177, 178, 179, 180, 
181, 182, 183, 184, 185, 186, 187, 188, 189, 190, 
191, 192, 193, 194, 195, 196, 197, 198, 199, 200, 
201, 202, 203, 204, 205, 206, 207, 208, 209, 210, 
211, 212, 213, 214, 215, 216, 217, 218, 219, 220, 
221, 222, 223, 224, 225, 226, 227, 228, 229, 230, 
231, 232, 233, 234, 235, 236, 237, 238, 239, 240, 
241, 242, 243, 244, 245, 246, 247, 248, 249, 250, 
251, 252, 253, 254, 255, 256, 257, 258, 259, 260, 
261, 262, 263, 264, 265, 266, 267, 268, 269, 270, 
271, 272, 273, 274, 275, 276, 277, 278, 279, 280, 
281, 282, 283, 284, 285, 286, 287, 288, 289, 290, 
291, 292, 293, 294, 295, 296, 297, 298, 299, 300, 
301, 302, 303, 304, 305, 306, 307, 308, 309, 310, 
311, 312, 313, 314, 315, 316, 317, 318, 319, 320, 
321, 322, 323, 324, 325, 326, 327, 328, 329, 330, 
331, 332, 333, 334, 335, 336, 337, 338, 339, 340, 
341, 342, 343, 344, 345, 346, 347, 348, 349, 350, 
351, 352, 353, 354, 355, 356, 357, 358, 359, 360, 
361, 362, 363, 364, 365, 366, 367, 368, 369, 370, 
371, 372, 373, 374, 375, 376, 377, 378, 379, 380, 
381, 382, 383, 384, 385, 386, 387, 388, 389, 390, 
391, 392, 393, 394, 395, 396, 397, 398, 399, 400, 
401, 402, 403, 404, 405, 406, 407, 408, 409, 410, 
411, 412, 413, 414, 415, 416, 417, 418, 419, 420, 
421, 422, 423, 424, 425, 426, 427, 428, 429, 430, 
431, 432, 433, 434, 435, 436, 437, 438, 439, 440, 
441, 442, 443, 444, 445, 446, 447, 448, 449, 450, 
451, 452, 453, 454, 455, 456, 457, 458, 459, 460, 
461, 462, 463, 464, 465, 466, 467, 468, 469, 470, 
471, 472, 473, 474, 475, 476, 477, 478, 479, 480, 
481, 482, 483, 484, 485, 486, 487, 488, 489, 490, 
491, 492, 493, 494, 495, 496, 497, 498, 499, 500, 
501, 502, 503, 504, 505, 506, 507, 508, 509, 510, 
511, 512, 513, 514, 515, 516, 517, 518, 519, 520, 
521, 522, 523, 524, 525, 526, 527, 528, 529, 530, 
531, 532, 533, 534, 535, 536, 537, 538, 539, 540, 
541, 542, 543, 544, 545, 546, 547, 548, 549, 550, 
551, 552, 553, 554, 555, 556, 557, 558, 559, 560, 
561, 562, 563, 564, 565, 566, 567, 568, 569, 570, 
571, 572, 573, 574, 575, 576, 577, 578, 579, 580, 
581, 582, 583, 584, 585, 586, 587, 588, 589, 590, 
591, 592, 593, 594, 595, 596, 597, 598, 599, 600, 
601, 602, 603, 604, 605, 606, 607, 608, 609, 610, 
611, 612, 613, 614, 615, 616, 617, 618, 619, 620, 
621, 622, 623, 624, 625, 626, 627, 628, 629, 630, 
631, 632, 633, 634, 635, 636, 637, 638, 639, 640, 
641, 642, 643, 644, 645, 646, 647, 648, 649, 650, 
651, 652, 653, 654, 655, 656, 657, 658, 659, 660, 
661, 662, 663, 664, 665, 666, 667, 668, 669, 670, 
671, 672, 673, 674, 675, 676, 677, 678, 679, 680, 
681, 682, 683, 684, 685, 686, 687, 688, 689, 690, 
691, 692, 693, 694, 695, 696, 697, 698, 699, 700, 
701, 702, 703, 704, 705, 706, 707, 708, 709, 710, 
711, 712, 713, 714, 715, 716, 717, 718, 719, 720, 
721, 722, 723, 724, 725, 726, 727, 728, 729, 730, 
731, 732, 733, 734, 735, 736, 737, 738, 739, 740, 
741, 742, 743, 744, 745, 746, 747, 748, 749, 750, 
751, 752, 753, 754, 755, 756, 757, 758, 759, 760, 
761, 762, 763, 764, 765, 766, 767, 768, 769, 770, 
771, 772, 773, 774, 775, 776, 777, 778, 779, 780, 
781, 782, 783, 784, 785, 786, 787, 788, 789, 790, 
791, 792, 793, 794, 795, 796, 797, 798, 799, 800, 
801, 802, 803, 804, 805, 806, 807, 808, 809, 810, 
811, 812, 813, 814, 815, 816, 817, 818, 819, 820, 
821, 822, 823, 824, 825, 826, 827, 828, 829, 830, 
831, 832, 833, 834, 835, 836, 837, 838, 839, 840, 
841, 842, 843, 844, 845, 846, 847, 848, 849, 850, 
851, 852, 853, 854, 855, 856, 857, 858, 859, 860, 
861, 862, 863, 864, 865, 866, 867, 868, 869, 870, 
871, 872, 873, 874, 875, 876, 877, 878, 879, 880, 
881, 882, 883, 884, 885, 886, 887, 888, 889, 890, 
891, 892, 893, 894, 895, 896, 897, 898, 899, 900, 
901, 902, 903, 904, 905, 906, 907, 908, 909, 910, 
911, 912, 913, 914, 915, 916, 917, 918, 919, 920, 
921, 922, 923, 924, 925, 926, 927, 928, 929, 930, 
931, 932, 933, 934, 935, 936, 937, 938, 939, 940, 
941, 942, 943, 944, 945, 946, 947, 948, 949, 950, 
951, 952, 953, 954, 955, 956, 957, 958, 959, 960, 
961, 962, 963, 964, 965, 966, 967, 968, 969, 970, 
971, 972, 973, 974, 975, 976, 977, 978, 979, 980, 
981, 982, 983, 984, 985, 986, 987, 988, 989, 990, 
991, 992, 993, 994, 995, 996, 997, 998, 999, 1000, 
1001, 1002, 1003, 1004, 1005, 1006, 1007, 1008, 1009, 1010, 
1011, 1012, 1013, 1014, 1015, 1016, 1017, 1018, 1019, 1020, 
1021, 1022, 1023, 1024, 1025, 1026, 1027, 1028, 1029, 1030, 
1031, 1032, 1033, 1034, 1035, 1036, 1037, 1038, 1039, 1040, 
1041, 1042, 1043, 1044, 1045, 1046, 1047, 1048, 1049, 1050, 
1051, 1052, 1053, 1054, 1055, 1056, 1057, 1058, 1059, 1060, 
1061, 1062, 1063, 1064, 1065, 1066, 1067, 1068, 1069, 1070, 
1071, 1072, 1073, 1074, 1075, 1076, 1077, 1078, 1079, 1080, 
1081, 1082, 1083, 1084, 1085, 1086, 1087, 1088, 1089, 1090, 
1091, 1092, 1093, 1094, 1095, 1096, 1097, 1098, 1099, 1100, 
1101, 1102, 1103, 1104, 1105, 1106, 1107, 1108, 1109, 1110, 
1111, 1112, 1113, 1114, 1115, 1116, 1117, 1118, 1119, 1120, 
1121, 1122, 1123, 1124, 1125, 1126, 1127, 1128, 1129, 1130, 
1131, 1132, 1133, 1134, 1135, 1136, 1137, 1138, 1139, 1140, 
1141, 1142, 1143, 1144, 1145, 1146, 1147, 1148, 1149, 1150, 
1151, 1152, 1153, 1154, 1155, 1156, 1157, 1158, 1159, 1160, 
1161, 1162, 1163, 1164, 1165, 1166, 1167, 1168, 1169, 1170, 
1171, 1172, 1173, 1174, 1175, 1176, 1177, 1178, 1179, 1180, 
1181, 1182, 1183, 1184, 1185, 1186, 1187, 1188, 1189, 1190, 
1191, 1192, 1193, 1194, 1195, 1196, 1197, 1198, 1199, 1200, 
1201, 1202, 1203, 1204, 1205, 1206, 1207, 1208, 1209, 1210, 
1211, 1212, 1213, 1214, 1215, 1216, 1217, 1218, 1219, 1220, 
1221, 1222, 1223, 1224, 1225, 1226, 1227, 1228, 1229, 1230, 
1231, 1232, 1233, 1234, 1235, 1236, 1237, 1238, 1239, 1240, 
1241, 1242, 1243, 1244, 1245, 1246, 1247, 1248, 1249, 1250, 
1251, 1252, 1253, 1254, 1255, 1256, 1257, 1258, 1259, 1260, 
1261, 1262, 1263, 1264, 1265, 1266, 1267, 1268, 1269, 1270, 
1271, 1272, 1273, 1274, 1275, 1276, 1277, 1278, 1279, 1280, 
1281, 1282, 1283, 1284, 1285, 1286, 1287, 1288, 1289, 1290, 
1291, 1292, 1293, 1294, 1295, 1296, 1297, 1298, 1299, 1300, 
1301, 1302, 1303, 1304, 1305, 1306, 1307, 1308, 1309, 1310, 
1311, 1312, 1313, 1314, 1315, 1316, 1317, 1318, 1319, 1320, 
1321, 1322, 1323, 1324, 1325, 1326, 1327, 1328, 1329, 1330, 
1331, 1332, 1333, 1334, 1335, 1336, 1337, 1338, 1339, 1340, 
1341, 1342, 1343, 1344, 1345, 1346, 1347, 1348, 1349, 1350, 
1351, 1352, 1353, 1354, 1355, 1356, 1357, 1358, 1359, 1360, 
1361, 1362, 1363, 1364, 1365, 1366, 1367, 1368, 1369, 1370, 
1371, 1372, 1373, 1374, 1375, 1376, 1377, 1378, 1379, 1380, 
1381, 1382, 1383, 1384, 1385, 1386, 1387, 1388, 1389, 1390, 
1391, 1392, 1393, 1394, 1395, 1396, 1397, 1398, 1399, 1400, 
1401, 1402, 1403, 1404, 1405, 1406, 1407, 1408, 1409, 1410, 
1411, 1412, 1413, 1414, 1415, 1416, 1417, 1418, 1419, 1420, 
1421, 1422, 1423, 1424, 1425, 1426, 1427, 1428, 1429, 1430, 
1431, 1432, 1433, 1434, 1435, 1436, 1437, 1438, 1439, 1440, 
1441, 1442, 1443, 1444, 1445, 1446, 1447, 1448, 1449, 1450, 
1451, 1452, 1453, 1454, 1455, 1456, 1457, 1458, 1459, 1460, 
1461, 1462, 1463, 1464, 1465, 1466, 1467, 1468, 1469, 1470, 
1471, 1472, 1473, 1474, 1475, 1476, 1477, 1478, 1479, 1480, 
1481, 1482, 1483, 1484, 1485, 1486, 1487, 1488, 1489, 1490, 
1491, 1492, 1493, 1494, 1495, 1496, 1497, 1498, 1499, 1500, 
1501, 1502, 1503, 1504, 1505, 1506, 1507, 1508, 1509, 1510, 
1511, 1512, 1513, 1514, 1515, 1516, 1517, 1518, 1519, 1520, 
1521, 1522, 1523, 1524, 1525, 1526, 1527, 1528, 1529, 1530, 
1531, 1532, 1533, 1534, 1535, 1536, 1537, 1538, 1539, 1540, 
1541, 1542, 1543, 1544, 1545, 1546, 1547, 1548, 1549, 1550, 
1551, 1552, 1553, 1554, 1555, 1556, 1557, 1558, 1559, 1560, 
1561, 1562, 1563, 1564, 1565, 1566, 1567, 1568, 1569, 1570, 
1571, 1572, 1573, 1574, 1575, 1576, 1577, 1578, 1579, 1580, 
1581, 1582, 1583, 1584, 1585, 1586, 1587, 1588, 1589, 1590, 
1591, 1592, 1593, 1594, 1595, 1596, 1597, 1598, 1599, 1600, 
1601, 1602, 1603, 1604, 1605, 1606, 1607, 1608, 1609, 1610, 
1611, 1612, 1613, 1614, 1615, 1616, 1617, 1618, 1619, 1620, 
1621, 1622, 1623, 1624, 1625, 1626, 1627, 1628, 1629, 1630, 
1631, 1632, 1633, 1634, 1635, 1636, 1637, 1638, 1639, 1640, 
1641, 1642, 1643, 1644, 1645, 1646, 1647, 1648, 1649, 1650, 
1651, 1652, 1653, 1654, 1655, 1656, 1657, 1658, 1659, 1660, 
1661, 1662, 1663, 1664, 1665, 1666, 1667, 1668, 1669, 1670, 
1671, 1672, 1673, 1674, 1675, 1676, 1677, 1678, 1679, 1680, 
1681, 1682, 1683, 1684, 1685, 1686, 1687, 1688, 1689, 1690, 
1691, 1692, 1693, 1694, 1695, 1696, 1697, 1698, 1699, 1700, 
1701, 1702, 1703, 1704, 1705, 1706, 1707, 1708, 1709, 1710, 
1711, 1712, 1713, 1714, 1715, 1716, 1717, 1718, 1719, 1720, 
1721, 1722, 1723, 1724, 1725, 1726, 1727, 1728, 1729, 1730, 
1731, 1732, 1733, 1734, 1735, 1736, 1737, 1738, 1739, 1740, 
1741, 1742, 1743, 1744, 1745, 1746, 1747, 1748, 1749, 1750, 
1751, 1752, 1753, 1754, 1755, 1756, 1757, 1758, 1759, 1760, 
1761, 1762, 1763, 1764, 1765, 1766, 1767, 1768, 1769, 1770, 
1771, 1772, 1773, 1774, 1775, 1776, 1777, 1778, 1779, 1780, 
1781, 1782, 1783, 1784, 1785, 1786, 1787, 1788, 1789, 1790, 
1791, 1792, 1793, 1794, 1795, 1796, 1797, 1798, 1799, 1800, 
1801, 1802, 1803, 1804, 1805, 1806, 1807, 1808, 1809, 1810, 
1811, 1812, 1813, 1814, 1815, 1816, 1817, 1818, 1819, 1820, 
1821, 1822, 1823, 1824, 1825, 1826, 1827, 1828, 1829, 1830, 
1831, 1832, 1833, 1834, 1835, 1836, 1837, 1838, 1839, 1840, 
1841, 1842, 1843, 1844, 1845, 1846, 1847, 1848, 1849, 1850, 
1851, 1852, 1853, 1854, 1855, 1856, 1857, 1858, 1859, 1860, 
1861, 1862, 1863, 1864, 1865, 1866, 1867, 1868, 1869, 1870, 
1871, 1872, 1873, 1874, 1875, 1876, 1877, 1878, 1879, 1880, 
1881, 1882, 1883, 1884, 1885, 1886, 1887, 1888, 1889, 1890, 
1891, 1892, 1893, 1894, 1895, 1896, 1897, 1898, 1899, 1900, 
1901, 1902, 1903, 1904, 1905, 1906, 1907, 1908, 1909, 1910, 
1911, 1912, 1913, 1914, 1915, 1916, 1917, 1918, 1919, 1920, 
1921, 1922, 1923, 1924, 1925, 1926, 1927, 1928, 1929, 1930, 
1931, 1932, 1933, 1934, 1935, 1936, 1937, 1938, 1939, 1940, 
1941, 1942, 1943, 1944, 1945, 1946, 1947, 1948, 1949, 1950, 
1951, 1952, 1953, 1954, 1955, 1956, 1957, 1958, 1959, 1960, 
1961, 1962, 1963, 1964, 1965, 1966, 1967, 1968, 1969, 1970, 
1971, 1972, 1973, 1974, 1975, 1976, 1977, 1978, 1979, 1980, 
1981, 1982, 1983, 1984, 1985, 1986, 1987, 1988, 1989, 1990, 
1991, 1992, 1993, 1994, 1995, 1996, 1997, 1998, 1999, 2000, 
2001, 2002, 2003, 2004, 2005, 2006, 2007, 2008, 2009, 2010, 
2011, 2012, 2013, 2014, 2015, 2016, 2017, 2018, 2019, 2020, 
2021, 2022, 2023, 2024, 2025, 2026, 2027, 2028, 2029, 2030, 
2031, 2032, 2033, 2034, 2035, 2036, 2037, 2038, 2039, 2040, 
2041, 2042, 2043, 2044, 2045, 2046, 2047, 2048, 2049, 2050, 
2051, 2052, 2053, 2054, 2055, 2056, 2057, 2058, 2059, 2060, 
2061, 2062, 2063, 2064, 2065, 2066, 2067, 2068, 2069, 2070, 
2071, 2072, 2073, 2074, 2075, 2076, 2077, 2078, 2079, 2080, 
2081, 2082, 2083, 2084, 2085, 2086, 2087, 2088, 2089, 2090, 
2091, 2092, 2093, 2094, 2095, 2096, 2097, 2098, 2099, 2100, 
2101, 2102, 2103, 2104, 2105, 2106, 2107, 2108, 2109, 2110, 
2111, 2112, 2113, 2114, 2115, 2116, 2117, 2118, 2119, 2120, 
2121, 2122, 2123, 2124, 2125, 2126, 2127, 2128, 2129, 2130, 
2131, 2132, 2133, 2134, 2135, 2136, 2137, 2138, 2139, 2140, 
2141, 2142, 2143, 2144, 2145, 2146, 2147, 2148, 2149, 2150, 
2151, 2152, 2153, 2154, 2155, 2156, 2157, 2158, 2159, 2160, 
2161, 2162, 2163, 2164, 2165, 2166, 2167, 2168, 2169, 2170, 
2171, 2172, 2173, 2174, 2175, 2176, 2177, 2178, 2179, 2180, 
2181, 2182, 2183, 2184, 2185, 2186, 2187, 2188, 2189, 2190, 
2191, 2192, 2193, 2194, 2195, 2196, 2197, 2198, 2199, 2200, 
2201, 2202, 2203, 2204, 2205, 2206, 2207, 2208, 2209, 2210, 
2211, 2212, 2213, 2214, 2215, 2216, 2217, 2218, 2219, 2220, 
2221, 2222, 2223, 2224, 2225, 2226, 2227, 2228, 2229, 2230, 
2231, 2232, 2233, 2234, 2235, 2236, 2237, 2238, 2239, 2240, 
2241, 2242, 2243, 2244, 2245, 2246, 2247, 2248, 2249, 2250, 
2251, 2252, 2253, 2254, 2255, 2256, 2257, 2258, 2259, 2260, 
2261, 2262, 2263, 2264, 2265, 2266, 2267, 2268, 2269, 2270, 
2271, 2272, 2273, 2274, 2275, 2276, 2277, 2278, 2279, 2280, 
2281, 2282, 2283, 2284, 2285, 2286, 2287, 2288, 2289, 2290, 
2291, 2292, 2293, 2294, 2295, 2296, 2297, 2298, 2299, 2300, 
2301, 2302, 2303, 2304, 2305, 2306, 2307, 2308, 2309, 2310, 
2311, 2312, 2313, 2314, 2315, 2316, 2317, 2318, 2319, 2320, 
2321, 2322, 2323, 2324, 2325, 2326, 2327, 2328, 2329, 2330, 
2331, 2332, 2333, 2334, 2335, 2336, 2337, 2338, 2339, 2340, 
2341, 2342, 2343, 2344, 2345, 2346, 2347, 2348, 2349, 2350, 
2351, 2352, 2353, 2354, 2355, 2356, 2357, 2358, 2359, 2360, 
2361, 2362, 2363, 2364, 2365, 2366, 2367, 2368, 2369, 2370, 
2371, 2372, 2373, 2374, 2375, 2376, 2377, 2378, 2379, 2380, 
2381, 2382, 2383, 2384, 2385, 2386, 2387, 2388, 2389, 2390, 
2391, 2392, 2393, 2394, 2395, 2396, 2397, 2398, 2399, 2400, 
2401, 2402, 2403, 2404, 2405, 2406, 2407, 2408, 2409, 2410, 
2411, 2412, 2413, 2414, 2415, 2416, 2417, 2418, 2419, 2420, 
2421, 2422, 2423, 2424, 2425, 2426, 2427, 2428, 2429, 2430, 
2431, 2432, 2433, 2434, 2435, 2436, 2437, 2438, 2439, 2440, 
2441, 2442, 2443, 2444, 2445, 2446, 2447, 2448, 2449, 2450, 
2451, 2452, 2453, 2454, 2455, 2456, 2457, 2458, 2459, 2460, 
2461, 2462, 2463, 2464, 2465, 2466, 2467, 2468, 2469, 2470, 
2471, 2472, 2473, 2474, 2475, 2476, 2477, 2478, 2479, 2480, 
2481, 2482, 2483, 2484, 2485, 2486, 2487, 2488, 2489, 2490, 
2491, 2492, 2493, 2494, 2495, 2496, 2497, 2498, 2499, 2500, 
2501, 2502, 2503, 2504, 2505, 2506, 2507, 2508, 2509, 2510, 
2511, 2512, 2513, 2514, 2515, 2516, 2517, 2518, 2519, 2520, 
2521, 2522, 2523, 2524, 2525, 2526, 2527, 2528, 2529, 2530, 
2531, 2532, 2533, 2534, 2535, 2536, 2537, 2538, 2539, 2540, 
2541, 2542, 2543, 2544, 2545, 2546, 2547, 2548, 2549, 2550, 
2551, 2552, 2553, 2554, 2555, 2556, 2557, 2558, 2559, 2560, 
2561, 2562, 2563, 2564, 2565, 2566, 2567, 2568, 2569, 2570, 
2571, 2572, 2573, 2574, 2575, 2576, 2577, 2578, 2579, 2580, 
2581, 2582, 2583, 2584, 2585, 2586, 2587, 2588, 2589, 2590, 
2591, 2592, 2593, 2594, 2595, 2596, 2597, 2598, 2599, 2600, 
2601, 2602, 2603, 2604, 2605, 2606, 2607, 2608, 2609, 2610, 
2611, 2612, 2613, 2614, 2615, 2616, 2617, 2618, 2619, 2620, 
2621, 2622, 2623, 2624, 2625, 2626, 2627, 2628, 2629, 2630, 
2631, 2632, 2633, 2634, 2635, 2636, 2637, 2638, 2639, 2640, 
2641, 2642, 2643, 2644, 2645, 2646, 2647, 2648, 2649, 2650, 
2651, 2652, 2653, 2654, 2655, 2656, 2657, 2658, 2659, 2660, 
2661, 2662, 2663, 2664, 2665, 2666, 2667, 2668, 2669, 2670, 
2671, 2672, 2673, 2674, 2675, 2676, 2677, 2678, 2679, 2680, 
2681, 2682, 2683, 2684, 2685, 2686, 2687, 2688, 2689, 2690, 
2691, 2692, 2693, 2694, 2695, 2696, 2697, 2698, 2699, 2700, 
2701, 2702, 2703, 2704, 2705, 2706, 2707, 2708, 2709, 2710, 
2711, 2712, 2713, 2714, 2715, 2716, 2717, 2718, 2719, 2720, 
2721, 2722, 2723, 2724, 2725, 2726, 2727, 2728, 2729, 2730, 
2731, 2732, 2733, 2734, 2735, 2736, 2737, 2738, 2739, 2740, 
2741, 2742, 2743, 2744, 2745, 2746, 2747, 2748, 
