1, -1, -0.5, 0
2, 1, -0.5, 0
3, 1, 0.5, 0
4, -1, 0.5, 0
5, 0, -0.15, 0
6, 0, 0.15, 0
7, -0.15, 0, 0
8, 0.15, 0, 0
9, -0.5, -0.4, 0
10, -0.5, -0.2, 0
11, -0.6, -0.3, 0
12, -0.4, -0.3, 0
13, 0.5, -0.4, 0
14, 0.5, -0.2, 0
15, 0.4, -0.3, 0
16, 0.6, -0.3, 0
17, -0.5, 0.2, 0
18, -0.5, 0.4, 0
19, -0.6, 0.3, 0
20, -0.4, 0.3, 0
21, 0.5, 0.2, 0
22, 0.5, 0.4, 0
23, 0.4, 0.3, 0
24, 0.6, 0.3, 0
25, -0.93103448275881, -0.5, 0
26, -0.86206896551762, -0.5, 0
27, -0.79310344827644, -0.5, 0
28, -0.72413793103525, -0.5, 0
29, -0.65517241379406, -0.5, 0
30, -0.58620689655287, -0.5, 0
31, -0.51724137931169, -0.5, 0
32, -0.4482758620705, -0.5, 0
33, -0.37931034482931, -0.5, 0
34, -0.31034482758812, -0.5, 0
35, -0.24137931034693, -0.5, 0
36, -0.17241379310575, -0.5, 0
37, -0.10344827586456, -0.5, 0
38, -0.034482758623371, -0.5, 0
39, 0.034482758618008, -0.5, 0
40, 0.10344827585958, -0.5, 0
41, 0.17241379310115, -0.5, 0
42, 0.24137931034272, -0.5, 0
43, 0.31034482758429, -0.5, 0
44, 0.37931034482586, -0.5, 0
45, 0.44827586206743, -0.5, 0
46, 0.517241379309, -0.5, 0
47, 0.58620689655057, -0.5, 0
48, 0.65517241379215, -0.5, 0
49, 0.72413793103372, -0.5, 0
50, 0.79310344827529, -0.5, 0
51, 0.86206896551686, -0.5, 0
52, 0.93103448275843, -0.5, 0
53, -0.9655172413794, -0.5, 0
54, -0.8965517241382, -0.5, 0
55, -0.82758620689702, -0.5, 0
56, -0.75862068965583, -0.5, 0
57, -0.68965517241466, -0.5, 0
58, -0.62068965517347, -0.5, 0
59, -0.55172413793228, -0.5, 0
60, -0.48275862069109, -0.5, 0
61, -0.4137931034499, -0.5, 0
62, -0.34482758620872, -0.5, 0
63, -0.27586206896753, -0.5, 0
64, -0.20689655172634, -0.5, 0
65, -0.13793103448515, -0.5, 0
66, -0.068965517243965, -0.5, 0
67, -2.7773339184023e-12, -0.5, 0
68, 0.068965517238793, -0.5, 0
69, 0.13793103448036, -0.5, 0
70, 0.20689655172193, -0.5, 0
71, 0.27586206896351, -0.5, 0
72, 0.34482758620508, -0.5, 0
73, 0.41379310344665, -0.5, 0
74, 0.48275862068822, -0.5, 0
75, 0.55172413792979, -0.5, 0
76, 0.62068965517136, -0.5, 0
77, 0.68965517241293, -0.5, 0
78, 0.7586206896545, -0.5, 0
79, 0.82758620689607, -0.5, 0
80, 0.89655172413764, -0.5, 0
81, 0.96551724137921, -0.5, 0
82, 1, -0.43333333333352, 0
83, 1, -0.36666666666704, 0
84, 1, -0.30000000000056, 0
85, 1, -0.23333333333407, 0
86, 1, -0.16666666666759, 0
87, 1, -0.10000000000111, 0
88, 1, -0.033333333334629, 0
89, 1, 0.033333333332037, 0
90, 1, 0.099999999998889, 0
91, 1, 0.16666666666574, 0
92, 1, 0.23333333333259, 0
93, 1, 0.29999999999944, 0
94, 1, 0.3666666666663, 0
95, 1, 0.43333333333315, 0
96, 1, -0.46666666666674, 0
97, 1, -0.40000000000028, 0
98, 1, -0.3333333333338, 0
99, 1, -0.26666666666731, 0
100, 1, -0.20000000000083, 0
101, 1, -0.13333333333435, 0
102, 1, -0.06666666666787, 0
103, 1, -1.3886114480499e-12, 0
104, 1, 0.066666666665463, 0
105, 1, 0.13333333333231, 0
106, 1, 0.19999999999917, 0
107, 1, 0.26666666666602, 0
108, 1, 0.33333333333287, 0
109, 1, 0.39999999999972, 0
110, 1, 0.46666666666657, 0
111, 0.93103448275881, 0.5, 0
112, 0.86206896551762, 0.5, 0
113, 0.79310344827644, 0.5, 0
114, 0.72413793103525, 0.5, 0
115, 0.65517241379406, 0.5, 0
116, 0.58620689655287, 0.5, 0
117, 0.51724137931169, 0.5, 0
118, 0.4482758620705, 0.5, 0
119, 0.37931034482931, 0.5, 0
120, 0.31034482758812, 0.5, 0
121, 0.24137931034693, 0.5, 0
122, 0.17241379310575, 0.5, 0
123, 0.10344827586456, 0.5, 0
124, 0.034482758623371, 0.5, 0
125, -0.034482758618008, 0.5, 0
126, -0.10344827585958, 0.5, 0
127, -0.17241379310115, 0.5, 0
128, -0.24137931034272, 0.5, 0
129, -0.31034482758429, 0.5, 0
130, -0.37931034482586, 0.5, 0
131, -0.44827586206743, 0.5, 0
132, -0.517241379309, 0.5, 0
133, -0.58620689655057, 0.5, 0
134, -0.65517241379215, 0.5, 0
135, -0.72413793103372, 0.5, 0
136, -0.79310344827529, 0.5, 0
137, -0.86206896551686, 0.5, 0
138, -0.93103448275843, 0.5, 0
139, 0.9655172413794, 0.5, 0
140, 0.8965517241382, 0.5, 0
141, 0.82758620689702, 0.5, 0
142, 0.75862068965583, 0.5, 0
143, 0.68965517241466, 0.5, 0
144, 0.62068965517347, 0.5, 0
145, 0.55172413793228, 0.5, 0
146, 0.48275862069109, 0.5, 0
147, 0.4137931034499, 0.5, 0
148, 0.34482758620872, 0.5, 0
149, 0.27586206896753, 0.5, 0
150, 0.20689655172634, 0.5, 0
151, 0.13793103448515, 0.5, 0
152, 0.068965517243965, 0.5, 0
153, 2.7773339184023e-12, 0.5, 0
154, -0.068965517238793, 0.5, 0
155, -0.13793103448036, 0.5, 0
156, -0.20689655172193, 0.5, 0
157, -0.27586206896351, 0.5, 0
158, -0.34482758620508, 0.5, 0
159, -0.41379310344665, 0.5, 0
160, -0.48275862068822, 0.5, 0
161, -0.55172413792979, 0.5, 0
162, -0.62068965517136, 0.5, 0
163, -0.68965517241293, 0.5, 0
164, -0.7586206896545, 0.5, 0
165, -0.82758620689607, 0.5, 0
166, -0.89655172413764, 0.5, 0
167, -0.96551724137921, 0.5, 0
168, -1, 0.43333333333352, 0
169, -1, 0.36666666666704, 0
170, -1, 0.30000000000056, 0
171, -1, 0.23333333333407, 0
172, -1, 0.16666666666759, 0
173, -1, 0.10000000000111, 0
174, -1, 0.033333333334629, 0
175, -1, -0.033333333332037, 0
176, -1, -0.099999999998889, 0
177, -1, -0.16666666666574, 0
178, -1, -0.23333333333259, 0
179, -1, -0.29999999999944, 0
180, -1, -0.3666666666663, 0
181, -1, -0.43333333333315, 0
182, -1, 0.46666666666674, 0
183, -1, 0.40000000000028, 0
184, -1, 0.3333333333338, 0
185, -1, 0.26666666666731, 0
186, -1, 0.20000000000083, 0
187, -1, 0.13333333333435, 0
188, -1, 0.06666666666787, 0
189, -1, 1.3886114480499e-12, 0
190, -1, -0.066666666665463, 0
191, -1, -0.13333333333231, 0
192, -1, -0.19999999999917, 0
193, -1, -0.26666666666602, 0
194, -1, -0.33333333333287, 0
195, -1, -0.39999999999972, 0
196, -1, -0.46666666666657, 0
197, -0.057402515009158, -0.13858192981274, 0
198, -0.1060660174206, -0.10606601693536, 0
199, -0.13858192994987, -0.057402514678105, 0
200, -0.029263548382173, -0.14711779204462, 0
201, -0.08333553517351, -0.124720441698, 0
202, -0.12472044198088, -0.083335534750159, 0
203, -0.14711779207841, -0.02926354821228, 0
204, -0.13858192981274, 0.057402515009158, 0
205, -0.10606601693536, 0.1060660174206, 0
206, -0.057402514678105, 0.13858192994987, 0
207, -0.14711779204462, 0.029263548382173, 0
208, -0.124720441698, 0.08333553517351, 0
209, -0.083335534750159, 0.12472044198088, 0
210, -0.02926354821228, 0.14711779207841, 0
211, 0.057402515009158, 0.13858192981274, 0
212, 0.1060660174206, 0.10606601693536, 0
213, 0.13858192994987, 0.057402514678105, 0
214, 0.029263548382173, 0.14711779204462, 0
215, 0.08333553517351, 0.124720441698, 0
216, 0.12472044198088, 0.083335534750159, 0
217, 0.14711779207841, 0.02926354821228, 0
218, 0.13858192981274, -0.057402515009158, 0
219, 0.10606601693536, -0.1060660174206, 0
220, 0.057402514678105, -0.13858192994987, 0
221, 0.14711779204462, -0.029263548382173, 0
222, 0.124720441698, -0.08333553517351, 0
223, 0.083335534750159, -0.12472044198088, 0
224, 0.02926354821228, -0.14711779207841, 0
225, -0.55000000002424, -0.38660254036445, 0
226, -0.58660254044845, -0.34999999987874, 0
227, -0.52588190440565, -0.39659258265694, 0
228, -0.57071067828774, -0.37071067794956, 0
229, -0.59659258265494, -0.32588190441309, 0
230, -0.58660254032805, -0.24999999991272, 0
231, -0.54999999986201, -0.21339745954189, 0
232, -0.59659258258912, -0.27411809534125, 0
233, -0.57071067799741, -0.2292893217601, 0
234, -0.5258819044468, -0.20340741735409, 0
235, -0.449999999897, -0.21339745968103, 0
236, -0.41339745954468, -0.25000000013315, 0
237, -0.47411809550018, -0.2034074173683, 0
238, -0.42928932174923, -0.22928932201346, 0
239, -0.40340741733118, -0.27411809563869, 0
240, -0.41339745965155, -0.35000000005195, 0
241, -0.45000000010516, -0.38660254043916, 0
242, -0.40340741738989, -0.32588190458041, 0
243, -0.42928932202157, -0.37071067825888, 0
244, -0.47411809560064, -0.39659258265862, 0
245, 0.44999999993912, -0.3866025403433, 0
246, 0.41339745955504, -0.3499999998848, 0
247, 0.47411809538246, -0.39659258260016, 0
248, 0.4292893216699, -0.37071067790721, 0
249, 0.40340741734875, -0.32588190442687, 0
250, 0.41339745965838, -0.24999999993621, 0
251, 0.45000000011141, -0.21339745955723, 0
252, 0.40340741738558, -0.27411809543567, 0
253, 0.4292893219722, -0.22928932179049, 0
254, 0.4741180955749, -0.20340741734828, 0
255, 0.55000000009449, -0.21339745967611, 0
256, 0.5866025404358, -0.25000000009934, 0
257, 0.52588190464344, -0.20340741740678, 0
258, 0.570710678229, -0.22928932199169, 0
259, 0.59659258265278, -0.27411809557883, 0
260, 0.58660254033488, -0.35000000007545, 0
261, 0.54999999986826, -0.3866025404545, 0
262, 0.59659258261477, -0.325881904563, 0
263, 0.57071067798914, -0.37071067824817, 0
264, 0.52588190449053, -0.39659258263419, 0
265, -0.55000000009449, 0.21339745967611, 0
266, -0.5866025404358, 0.25000000009934, 0
267, -0.52588190464344, 0.20340741740678, 0
268, -0.570710678229, 0.22928932199169, 0
269, -0.59659258265278, 0.27411809557883, 0
270, -0.58660254033488, 0.35000000007545, 0
271, -0.54999999986826, 0.3866025404545, 0
272, -0.59659258261477, 0.325881904563, 0
273, -0.57071067798914, 0.37071067824817, 0
274, -0.52588190449053, 0.39659258263419, 0
275, -0.44999999993912, 0.3866025403433, 0
276, -0.41339745955504, 0.3499999998848, 0
277, -0.47411809538246, 0.39659258260016, 0
278, -0.4292893216699, 0.37071067790721, 0
279, -0.40340741734875, 0.32588190442687, 0
280, -0.41339745965838, 0.24999999993621, 0
281, -0.45000000011141, 0.21339745955723, 0
282, -0.40340741738558, 0.27411809543567, 0
283, -0.4292893219722, 0.22928932179049, 0
284, -0.4741180955749, 0.20340741734828, 0
285, 0.449999999897, 0.21339745968103, 0
286, 0.41339745954468, 0.25000000013315, 0
287, 0.47411809550018, 0.2034074173683, 0
288, 0.42928932174923, 0.22928932201346, 0
289, 0.40340741733118, 0.27411809563869, 0
290, 0.41339745965155, 0.35000000005195, 0
291, 0.45000000010516, 0.38660254043916, 0
292, 0.40340741738989, 0.32588190458041, 0
293, 0.42928932202157, 0.37071067825888, 0
294, 0.47411809560064, 0.39659258265862, 0
295, 0.55000000002424, 0.38660254036445, 0
296, 0.58660254044845, 0.34999999987874, 0
297, 0.52588190440565, 0.39659258265694, 0
298, 0.57071067828774, 0.37071067794956, 0
299, 0.59659258265494, 0.32588190441309, 0
300, 0.58660254032805, 0.24999999991272, 0
301, 0.54999999986201, 0.21339745954189, 0
302, 0.59659258258912, 0.27411809534125, 0
303, 0.57071067799741, 0.2292893217601, 0
304, 0.5258819044468, 0.20340741735409, 0
305, 0.94585623075057, 0.0023961926227326, 0
306, -0.94585623075057, -0.0023961926227326, 0
307, -0.53279764664524, -0.16371179883299, 0
308, 0.53279764664524, 0.16371179883299, 0
309, 0.59292771718351, -0.19182578205013, 0
310, -0.59292771718351, 0.19182578205013, 0
311, 0.46382494651519, -0.16348340365267, 0
312, -0.46382494651519, 0.16348340365267, 0
313, 0.63456833697026, 0.25197748714848, 0
314, -0.63456833697026, -0.25197748714848, 0
315, 0.10989387207504, -0.16446780286326, 0
316, -0.10989387207504, 0.16446780286326, 0
317, -0.11252450962681, -0.16302471091371, 0
318, 0.11252450962681, 0.16302471091371, 0
319, -0.19327235560655, -0.038197679852826, 0
320, 0.19327235560655, 0.038197679852826, 0
321, 0.94854578288334, -0.2630273973062, 0
322, -0.94854578288334, 0.2630273973062, 0
323, 0.94283245347545, 0.19924411234499, 0
324, -0.94283245347545, -0.19924411234499, 0
325, 0.36339745967577, -0.26339745958216, 0
326, -0.36339745967577, 0.26339745958216, 0
327, -0.36133371429682, -0.26466090868958, 0
328, 0.36133371429682, 0.26466090868958, 0
329, 0.0016889832621965, -0.44608813346319, 0
330, -0.0016889832621965, 0.44608813346319, 0
331, -0.20664941815006, -0.44905061405744, 0
332, 0.20664941815006, 0.44905061405744, 0
333, 0.21517976862802, -0.43626456870481, 0
334, -0.21517976862802, 0.43626456870481, 0
335, 0.9422649730812, -0.13333333333435, 0
336, -0.9422649730812, 0.13333333333435, 0
337, 0.75597473521039, -0.43480305279251, 0
338, -0.75597473521039, 0.43480305279251, 0
339, -0.82399391388824, -0.44513235010263, 0
340, 0.82399391388824, 0.44513235010263, 0
341, 0.63660254033153, -0.33660254042965, 0
342, -0.63660254033153, 0.33660254042965, 0
343, 0.51297354931374, -0.14773582321081, 0
344, 0.47677147430038, -0.11284567474963, 0
345, 0.52698501557133, -0.099316991979009, 0
346, 0.42607499692491, -0.1297596263012, 0
347, 0.43975852050798, -0.076666922525681, 0
348, 0.38931749058641, -0.090081920005449, 0
349, 0.40261090123409, -0.039143966340728, 0
350, 0.45336250304142, -0.025519019061946, 0
351, 0.41629787137336, 0.011808640599099, 0
352, 0.35118724541207, -0.052841980305645, 0
353, 0.3377302939058, -0.10483534265929, 0
354, 0.46953887912208, 0.026095456797856, 0
355, 0.42777440198601, 0.059509996171953, 0
356, 0.37870623040464, 0.04874363733677, 0
357, -0.51297354931374, 0.14773582321081, 0
358, -0.47677147430038, 0.11284567474963, 0
359, -0.52698501557133, 0.099316991979009, 0
360, -0.42607499692491, 0.1297596263012, 0
361, -0.43975852050798, 0.076666922525681, 0
362, -0.38931749058641, 0.090081920005449, 0
363, -0.40261090123409, 0.039143966340728, 0
364, -0.45336250304142, 0.025519019061946, 0
365, -0.41629787137336, -0.011808640599099, 0
366, -0.35118724541207, 0.052841980305645, 0
367, -0.3377302939058, 0.10483534265929, 0
368, -0.46953887912208, -0.026095456797856, 0
369, -0.42777440198601, -0.059509996171953, 0
370, -0.37870623040464, -0.04874363733677, 0
371, 0.59999999983478, 0.19999999990511, 0
372, 0.59679580310834, 0.14623924317213, 0
373, 0.65857389611936, 0.20690557587458, 0
374, 0.6916419442323, 0.25161166026281, 0
375, 0.71405756854491, 0.20108526114745, 0
376, 0.74802580352802, 0.24761410786727, 0
377, 0.77099256953354, 0.19512430910574, 0
378, 0.7363630232003, 0.14866057653516, 0
379, 0.79274896917859, 0.14118918320743, 0
380, 0.76171936517767, 0.096181051505613, 0
381, 0.72499486925201, 0.30010738416387, 0
382, -0.59999999983478, -0.19999999990511, 0
383, -0.59679580310834, -0.14623924317213, 0
384, -0.65857389611936, -0.20690557587458, 0
385, -0.6916419442323, -0.25161166026281, 0
386, -0.71405756854491, -0.20108526114745, 0
387, -0.74802580352802, -0.24761410786727, 0
388, -0.77099256953354, -0.19512430910574, 0
389, -0.7363630232003, -0.14866057653516, 0
390, -0.79274896917859, -0.14118918320743, 0
391, -0.76171936517767, -0.096181051505613, 0
392, -0.72499486925201, -0.30010738416387, 0
393, 0.36339745968807, -0.33660254026324, 0
394, 0.31392983739786, -0.30103516459119, 0
395, 0.31262706416333, -0.23647741068046, 0
396, 0.26515799992071, -0.27576972533963, 0
397, 0.26015839617045, -0.22210151396973, 0
398, -0.36339745968807, 0.33660254026324, 0
399, -0.31392983739786, 0.30103516459119, 0
400, -0.31262706416333, 0.23647741068046, 0
401, -0.26515799992071, 0.27576972533963, 0
402, -0.26015839617045, 0.22210151396973, 0
403, -0.34940064473662, -0.31665531428685, 0
404, -0.31046911727128, -0.27445283204785, 0
405, -0.32252375543693, -0.22748562365369, 0
406, -0.27266169079185, -0.23771113828186, 0
407, -0.28627594734846, -0.18511402430101, 0
408, 0.34940064473662, 0.31665531428685, 0
409, 0.31046911727128, 0.27445283204785, 0
410, 0.32252375543693, 0.22748562365369, 0
411, 0.27266169079185, 0.23771113828186, 0
412, 0.28627594734846, 0.18511402430101, 0
413, -0.7835105115525, -0.29531172260381, 0
414, 0.7835105115525, 0.29531172260381, 0
415, 0.21480577796751, -0.25524420609897, 0
416, -0.21480577796751, 0.25524420609897, 0
417, 0.63797687806018, -0.2368106180209, 0
418, 0.65088324555894, -0.18353295128857, 0
419, 0.68994523991744, -0.22627648633489, 0
420, 0.70460460585595, -0.17041355058972, 0
421, 0.66484644585619, -0.13123734705717, 0
422, 0.71882209296786, -0.11604210896535, 0
423, 0.67945231094637, -0.07674851151875, 0
424, 0.74469020052074, -0.21015444139733, 0
425, 0.73328439254443, -0.06115128597543, 0
426, -0.63797687806018, 0.2368106180209, 0
427, -0.65088324555894, 0.18353295128857, 0
428, -0.68994523991744, 0.22627648633489, 0
429, -0.70460460585595, 0.17041355058972, 0
430, -0.66484644585619, 0.13123734705717, 0
431, -0.71882209296786, 0.11604210896535, 0
432, -0.67945231094637, 0.07674851151875, 0
433, -0.74469020052074, 0.21015444139733, 0
434, -0.73328439254443, 0.06115128597543, 0
435, 0.72924082338675, -0.26465951414273, 0
436, -0.72924082338675, 0.26465951414273, 0
437, -0.29530404462075, 0.064478820325978, 0
438, 0.29530404462075, -0.064478820325978, 0
439, 0.77421612835756, -0.10060454452158, 0
440, -0.77421612835756, 0.10060454452158, 0
441, -0.25751186310841, -0.28815079688902, 0
442, 0.25751186310841, 0.28815079688902, 0
443, 0.78956765300499, -0.047086817026286, 0
444, -0.78956765300499, 0.047086817026286, 0
445, 0.69259455026302, -0.021858722833008, 0
446, -0.69259455026302, 0.021858722833008, 0
447, 0.63829970586493, -0.037128816573815, 0
448, -0.63829970586493, 0.037128816573815, 0
449, 0.39590552538308, 0.1036236343304, 0
450, -0.39590552538308, -0.1036236343304, 0
451, 0.7855485899966, -0.2507339513912, 0
452, -0.7855485899966, 0.2507339513912, 0
453, 0.94480351760051, 0.33334291118358, 0
454, -0.94480351760051, -0.33334291118358, 0
455, 0.65246148378834, 0.015995766136797, 0
456, -0.65246148378834, -0.015995766136797, 0
457, 0.21825357872585, 0.25053080336665, 0
458, 0.20371155857704, 0.30611309120487, 0
459, -0.21825357872585, -0.25053080336665, 0
460, -0.20371155857704, -0.30611309120487, 0
461, 0.59956527568269, 0.0046236487636293, 0
462, -0.59956527568269, -0.0046236487636293, 0
463, 0.81673076555745, 0.090950962754381, 0
464, -0.81673076555745, -0.090950962754381, 0
465, 0.34255296843677, 0.088078548057648, 0
466, -0.34255296843677, -0.088078548057648, 0
467, -0.35461119272354, -0.37580484730203, 0
468, 0.35461119272354, 0.37580484730203, 0
469, 0.31734877892174, -0.35916135770837, 0
470, -0.31734877892174, 0.35916135770837, 0
471, -0.69270686958358, -0.44532333025113, 0
472, 0.69270686958358, 0.44532333025113, 0
473, -0.16266735338787, -0.26516506215922, 0
474, -0.14676048657789, -0.32239060430376, 0
475, -0.1056218500138, -0.27986376300697, 0
476, 0.16266735338787, 0.26516506215922, 0
477, 0.14676048657789, 0.32239060430376, 0
478, 0.1056218500138, 0.27986376300697, 0
479, 0.8951047406092, -0.43666295665025, 0
480, -0.8951047406092, 0.43666295665025, 0
481, -0.15813025694594, -0.13197988463207, 0
482, 0.15813025694594, 0.13197988463207, 0
483, 0.77163499926544, -0.30622212125171, 0
484, -0.77163499926544, 0.30622212125171, 0
485, -0.16406030587394, 0.10951361652966, 0
486, 0.16406030587394, -0.10951361652966, 0
487, 0.06141968466343, -0.196599822896, 0
488, 8.6807853839226e-05, -0.21366180563945, 0
489, 0.049879722554004, -0.25683485388532, 0
490, -0.06141968466343, 0.196599822896, 0
491, -8.680785383924e-05, 0.21366180563945, 0
492, -0.049879722554004, 0.25683485388532, 0
493, 0.21985497411735, -0.31121553002467, 0
494, 0.17142746571541, -0.28862493585139, 0
495, -0.21985497411735, 0.31121553002467, 0
496, -0.17142746571541, 0.28862493585139, 0
497, 0.36947575758735, -0.21236565854095, 0
498, -0.36947575758735, 0.21236565854095, 0
499, -0.089878181809535, -0.33923421360142, 0
500, 0.089878181809535, 0.33923421360142, 0
501, 0.31626378037799, -0.013852223647852, 0
502, -0.31626378037799, 0.013852223647852, 0
503, 0.48646683059406, 0.14778168446663, 0
504, 0.5232291835595, 0.11330750646135, 0
505, -0.48646683059406, -0.14778168446663, 0
506, -0.5232291835595, -0.11330750646135, 0
507, 0.28638005564128, -0.11549048479912, 0
508, -0.28638005564128, 0.11549048479912, 0
509, 0.79959444862145, -0.19500399969438, 0
510, -0.79959444862145, 0.19500399969438, 0
511, 0.82802297475745, -0.29316024317725, 0
512, -0.82802297475745, 0.29316024317725, 0
513, 0.83144602257672, -0.086058001640259, 0
514, -0.83144602257672, 0.086058001640259, 0
515, -0.19373021949562, 0.038573253461137, 0
516, 0.19373021949562, -0.038573253461137, 0
517, 0.60922037648949, -0.39323844277095, 0
518, -0.60922037648949, 0.39323844277095, 0
519, 0.66103348291833, -0.392545959893, 0
520, -0.66103348291833, 0.392545959893, 0
521, 0.70533057121928, 0.095103900263785, 0
522, -0.70533057121928, -0.095103900263785, 0
523, 0.37755915686182, -0.3904918911839, 0
524, -0.37755915686182, 0.3904918911839, 0
525, 0.83077201701609, 0.18410647437979, 0
526, -0.83077201701609, -0.18410647437979, 0
527, -0.75849214455948, -0.34849529158033, 0
528, 0.75849214455948, 0.34849529158033, 0
529, 0.50410974494668, -0.015350607094554, 0
530, -0.50410974494668, 0.015350607094554, 0
531, -0.63597187377171, -0.3411525578606, 0
532, 0.63597187377171, 0.3411525578606, 0
533, 0.8114660060465, -0.34985999967146, 0
534, 0.86990813564709, -0.3368937047369, 0
535, -0.8114660060465, 0.34985999967146, 0
536, -0.86990813564709, 0.3368937047369, 0
537, 0.21081869358724, -0.1963251535079, 0
538, -0.21081869358724, 0.1963251535079, 0
539, 0.40236155114508, 0.19915542328019, 0
540, -0.40236155114508, -0.19915542328019, 0
541, -0.81903981055947, -0.34616172520848, 0
542, -0.84621351577201, -0.29731382770581, 0
543, 0.81903981055947, 0.34616172520848, 0
544, 0.84621351577201, 0.29731382770581, 0
545, -0.24851504511747, -0.33651545216012, 0
546, 0.24851504511747, 0.33651545216012, 0
547, 0.17309852558765, -0.34672500369406, 0
548, 0.11983730050126, -0.32014790909072, 0
549, 0.12495158777328, -0.38525633006926, 0
550, 0.075898513952883, -0.35870599938326, 0
551, -0.17309852558765, 0.34672500369406, 0
552, -0.11983730050126, 0.32014790909072, 0
553, -0.12495158777328, 0.38525633006926, 0
554, -0.075898513952883, 0.35870599938326, 0
555, -0.60366060740591, -0.39655372656307, 0
556, 0.60366060740591, 0.39655372656307, 0
557, 0.61625271881457, 0.054791347081373, 0
558, -0.61625271881457, -0.054791347081373, 0
559, 0.84761821683502, -0.021787101395823, 0
560, -0.84761821683502, 0.021787101395823, 0
561, -0.0098641046966708, -0.27782956919772, 0
562, 0.0098641046966708, 0.27782956919772, 0
563, 0.55991482816814, 0.039899637573521, 0
564, -0.55991482816814, -0.039899637573521, 0
565, -0.13201800924478, -0.38212878009471, 0
566, 0.13201800924478, 0.38212878009471, 0
567, -0.35441581877096, -0.13034366938663, 0
568, 0.35441581877096, 0.13034366938663, 0
569, 0.32922408640331, -0.1880305408601, 0
570, -0.32922408640331, 0.1880305408601, 0
571, 0.56383532879309, -0.13672048259022, 0
572, -0.56383532879309, 0.13672048259022, 0
573, 0.11193164045147, -0.22150960421414, 0
574, -0.11193164045147, 0.22150960421414, 0
575, 0.69252948779866, -0.34845523386285, 0
576, -0.69252948779866, 0.34845523386285, 0
577, 0.78147822672158, 0.040493674763025, 0
578, -0.78147822672158, -0.040493674763025, 0
579, 0.5772939550454, -0.089218513413319, 0
580, -0.5772939550454, 0.089218513413319, 0
581, 0.18180187401364, 0.21128027435835, 0
582, -0.18180187401364, -0.21128027435835, 0
583, 0.31866023329725, -0.42294751999676, 0
584, -0.31866023329725, 0.42294751999676, 0
585, -0.24041687954828, -0.0011856200390455, 0
586, -0.2454461285639, -0.056368601864661, 0
587, 0.24041687954828, 0.0011856200390455, 0
588, 0.2454461285639, 0.056368601864661, 0
589, 0.89000476928991, -0.072698662503723, 0
590, -0.89000476928991, 0.072698662503723, 0
591, 0.70097703928321, 0.034105126850218, 0
592, -0.70097703928321, -0.034105126850218, 0
593, -0.22209597210887, 0.092170009191457, 0
594, 0.22209597210887, -0.092170009191457, 0
595, 0.37000452241117, -0.15203027521815, 0
596, -0.37000452241117, 0.15203027521815, 0
597, -0.075806702761956, -0.39755264536404, 0
598, -0.02802508666536, -0.34612596394939, 0
599, 0.075806702761956, 0.39755264536404, 0
600, 0.02802508666536, 0.34612596394939, 0
601, 0.41619121615159, -0.44314456368991, 0
602, -0.41619121615159, 0.44314456368991, 0
603, 0.073929330041069, -0.42852523976719, 0
604, -0.073929330041069, 0.42852523976719, 0
605, 0.30294990881178, 0.12804532858618, 0
606, -0.30294990881178, -0.12804532858618, 0
607, 0.22122174959637, -0.3692096027356, 0
608, -0.22122174959637, 0.3692096027356, 0
609, 0.060062312237288, 0.23969378086945, 0
610, -0.060062312237288, -0.23969378086945, 0
611, -0.34916025572414, -0.43658745150467, 0
612, -0.40639810935066, -0.45202869914097, 0
613, 0.34916025572414, 0.43658745150467, 0
614, 0.40639810935066, 0.45202869914097, 0
615, 0.8725681459868, -0.13275366502019, 0
616, 0.89842930289823, -0.18602415099488, 0
617, -0.8725681459868, 0.13275366502019, 0
618, -0.89842930289823, 0.18602415099488, 0
619, 0.67777062512688, -0.28584707255378, 0
620, -0.67777062512688, 0.28584707255378, 0
621, 0.69605838742538, 0.34567303181304, 0
622, -0.69605838742538, -0.34567303181304, 0
623, -0.27632209210113, -0.44797182221665, 0
624, 0.27632209210113, 0.44797182221665, 0
625, -0.47390764504672, -0.10083957480407, 0
626, -0.43728983848917, -0.13498526869682, 0
627, 0.47390764504672, 0.10083957480407, 0
628, 0.43728983848917, 0.13498526869682, 0
629, 0.53724643161196, -0.44790806771444, 0
630, -0.53724643161196, 0.44790806771444, 0
631, 0.53698859832246, 0.44746148719892, 0
632, -0.53698859832246, -0.44746148719892, 0
633, -0.21019825364295, -0.10283178537184, 0
634, 0.21019825364295, 0.10283178537184, 0
635, 0.82516873153075, -0.4437371020277, 0
636, -0.82516873153075, 0.4437371020277, 0
637, 0.50986261159384, 0.062880615516051, 0
638, -0.50986261159384, -0.062880615516051, 0
639, 0.30639931293619, 0.35012774839006, 0
640, -0.30639931293619, -0.35012774839006, 0
641, -0.75987516736643, -0.44682161910081, 0
642, 0.75987516736643, 0.44682161910081, 0
643, 0.94540874166612, 0.26663319506766, 0
644, 0.87918079941668, 0.23576680825233, 0
645, -0.94540874166612, -0.26663319506766, 0
646, -0.87918079941668, -0.23576680825233, 0
647, 0.68233885014566, 0.15517707042234, 0
648, 0.63935927499485, 0.11097355022628, 0
649, -0.68233885014566, -0.15517707042234, 0
650, -0.63935927499485, -0.11097355022628, 0
651, 0.93723769649213, -0.33174870800719, 0
652, -0.93723769649213, 0.33174870800719, 0
653, 0.94296767384308, 0.13212333765603, 0
654, 0.94361051751892, 0.066697686563272, 0
655, 0.89226685892035, 0.027199441385011, 0
656, 0.8799220390501, 0.092529279073719, 0
657, -0.94296767384308, -0.13212333765603, 0
658, -0.94361051751892, -0.066697686563272, 0
659, -0.89226685892035, -0.027199441385011, 0
660, -0.8799220390501, -0.092529279073719, 0
661, 0.75165699263627, -0.366373825207, 0
662, -0.75165699263627, 0.366373825207, 0
663, 0.94255154702185, 0.39950363937384, 0
664, 0.8852243901867, 0.3666661413504, 0
665, -0.94255154702185, -0.39950363937384, 0
666, -0.8852243901867, -0.3666661413504, 0
667, 0.88661624033721, 0.16254374811637, 0
668, -0.88661624033721, -0.16254374811637, 0
669, 0.12222968173461, 0.22207887834449, 0
670, -0.12222968173461, -0.22207887834449, 0
671, 0.57156548993611, 0.09422885798048, 0
672, -0.57156548993611, -0.09422885798048, 0
673, 0.25902017708751, -0.16193496470593, 0
674, -0.25902017708751, 0.16193496470593, 0
675, 0.49025219928372, -0.063213497779827, 0
676, -0.49025219928372, 0.063213497779827, 0
677, -0.36558447218748, 0.001574441143472, 0
678, 0.36558447218748, -0.0015744411434719, 0
679, 0.53884970203003, -0.052198172525043, 0
680, -0.53884970203003, 0.052198172525043, 0
681, 0.23542979617521, 0.19767919632113, 0
682, 0.24907965670817, 0.145308611506, 0
683, -0.23542979617521, -0.19767919632113, 0
684, -0.24907965670817, -0.145308611506, 0
685, 0.74934784214108, -4.3890939275854e-06, 0
686, -0.74934784214108, 4.3890939275854e-06, 0
687, 0.75943851011673, -0.15532734030293, 0
688, -0.75943851011673, 0.15532734030293, 0
689, 0.69034813073559, -0.44413483474843, 0
690, -0.69034813073559, 0.44413483474843, 0
691, 0.8505950805976, -0.23062794030501, 0
692, -0.8505950805976, 0.23062794030501, 0
693, 0.031395034680926, -0.31267752888068, 0
694, -0.031395034680926, 0.31267752888068, 0
695, -0.3299527809491, -0.037377002356233, 0
696, 0.3299527809491, 0.037377002356233, 0
697, -0.19078062659589, -0.35907125111373, 0
698, 0.19078062659589, 0.35907125111373, 0
699, -0.89125756404365, -0.43654222666213, 0
700, 0.89125756404365, 0.43654222666213, 0
701, 0.80978253613647, 0.24253954165246, 0
702, -0.80978253613647, -0.24253954165246, 0
703, 0.61371081647552, -0.1404438782396, 0
704, -0.61371081647552, 0.1404438782396, 0
705, 0.94694760112301, -0.39926309452318, 0
706, -0.94694760112301, 0.39926309452318, 0
707, 0.16405629146112, -0.16811696102527, 0
708, -0.16405629146112, 0.16811696102527, 0
709, -0.66207329638919, -0.39337263161739, 0
710, 0.66207329638919, 0.39337263161739, 0
711, -0.13617618126574, -0.44437972664319, 0
712, 0.13617618126574, 0.44437972664319, 0
713, 0.47815914817985, -0.44627586195794, 0
714, -0.47815914817985, 0.44627586195794, 0
715, -0.49066723123034, -0.4550862597816, 0
716, 0.49066723123034, 0.4550862597816, 0
717, 0.62723749259221, -0.088089020930662, 0
718, -0.62723749259221, 0.088089020930662, 0
719, 0.63621596616287, -0.44523875349302, 0
720, -0.63621596616287, 0.44523875349302, 0
721, 0.4154629472014, -0.18683940386774, 0
722, -0.4154629472014, 0.18683940386774, 0
723, 0.14479422750967, -0.44423657642663, 0
724, -0.14479422750967, 0.44423657642663, 0
725, 0.81476695700978, -0.14128717848145, 0
726, -0.81476695700978, 0.14128717848145, 0
727, 0.88738468689899, -0.27934956721325, 0
728, -0.88738468689899, 0.27934956721325, 0
729, 0.26768041340066, -0.44499779112529, 0
730, -0.26768041340066, 0.44499779112529, 0
731, 0.1681042472833, -0.23183658679593, 0
732, -0.1681042472833, 0.23183658679593, 0
733, 0.94881463327832, -0.064819721648556, 0
734, -0.94881463327832, 0.064819721648556, 0
735, 0.66387256860861, 0.29842035354147, 0
736, -0.66387256860861, -0.29842035354147, 0
737, 0.6640794317246, 0.063111240454298, 0
738, -0.6640794317246, -0.063111240454298, 0
739, 0.095450136748997, -0.27420128376814, 0
740, -0.095450136748997, 0.27420128376814, 0
741, -0.63267370497404, -0.44719310446234, 0
742, 0.63267370497404, 0.44719310446234, 0
743, 0.20060755502306, 0.15836996674872, 0
744, -0.20060755502306, -0.15836996674872, 0
745, 0.84880038423801, -0.39068299451089, 0
746, -0.84880038423801, 0.39068299451089, 0
747, 0.29351020048237, 0.07280005300935, 0
748, -0.29351020048237, -0.07280005300935, 0
749, -0.78938886092594, -0.39589355999043, 0
750, 0.78938886092594, 0.39589355999043, 0
751, 0.26889925805335, -0.33496884704332, 0
752, -0.26889925805335, 0.33496884704332, 0
753, 0.84719078702277, -0.17713938689918, 0
754, -0.84719078702277, 0.17713938689918, 0
755, 0.8356956210581, 0.03812050106476, 0
756, -0.8356956210581, -0.03812050106476, 0
757, 0.55091105181723, -0.0060921379173229, 0
758, -0.55091105181723, 0.0060921379173229, 0
759, 0.6354135648406, 0.16385908792009, 0
760, -0.6354135648406, -0.16385908792009, 0
761, 0.9001661929284, 0.29994457671195, 0
762, -0.9001661929284, -0.29994457671195, 0
763, -0.40423644862689, -0.40030357562047, 0
764, 0.40423644862689, 0.40030357562047, 0
765, 0.27036994071143, -0.39425735378325, 0
766, -0.27036994071143, 0.39425735378325, 0
767, 0.58523673154114, -0.44489849054803, 0
768, -0.58523673154114, 0.44489849054803, 0
769, 0.34734644120677, 0.17842665235385, 0
770, -0.34734644120677, -0.17842665235385, 0
771, -0.24482920973901, 0.049495653593018, 0
772, 0.24482920973901, -0.049495653593018, 0
773, -0.21105040477892, 0.14254831852281, 0
774, 0.21105040477892, -0.14254831852281, 0
775, 0.58869286383875, -0.044683835432755, 0
776, -0.58869286383875, 0.044683835432755, 0
777, 0.84135800622789, 0.13426392950634, 0
778, -0.84135800622789, -0.13426392950634, 0
779, 0.30553264183134, 0.40209981172859, 0
780, -0.30553264183134, -0.40209981172859, 0
781, -0.28334709595275, -0.021354813779437, 0
782, 0.28334709595275, 0.021354813779437, 0
783, -0.040423289379489, -0.18513076564964, 0
784, 0.040423289379489, 0.18513076564964, 0
785, -0.24381534873122, -0.39315844133657, 0
786, 0.24381534873122, 0.39315844133657, 0
787, -0.067190113983083, -0.45346797906094, 0
788, 0.067190113983083, 0.45346797906094, 0
789, 0.058690307084531, 0.29654945812499, 0
790, -0.058690307084532, -0.29654945812499, 0
791, 0.71030856585985, -0.39726258130076, 0
792, -0.71030856585985, 0.39726258130076, 0
793, -0.726432454375, -0.39592991072552, 0
794, 0.726432454375, 0.39592991072552, 0
795, 0.36314601464892, -0.44961237810249, 0
796, -0.36314601464892, 0.44961237810249, 0
797, 0.79653749900372, -0.39789727047453, 0
798, -0.79653749900372, 0.39789727047453, 0
799, 0.95470026178105, -0.20102956961645, 0
800, -0.95470026178105, 0.20102956961645, 0
801, 0.58420310339898, 0.44584405306614, 0
802, -0.58420310339898, -0.44584405306614, 0
803, 0.17553316430442, -0.39727882623391, 0
804, -0.17553316430442, 0.39727882623391, 0
805, 0.89839432800328, -0.021886646457198, 0
806, -0.89839432800328, 0.021886646457198, 0
807, 0.02390257730289, -0.38630908192718, 0
808, -0.02390257730289, 0.38630908192718, 0
809, 0.80327821952977, 0.00074461722916347, 0
810, -0.80327821952977, -0.00074461722916347, 0
811, 0.95212867991503, -0.45203119828429, 0
812, -0.95212867991503, 0.45203119828429, 0
813, 0.31382587409829, -0.14993040864339, 0
814, -0.31382587409829, 0.14993040864339, 0
815, -0.25842928521768, -0.10110946681544, 0
816, 0.25842928521768, 0.10110946681544, 0
817, -0.95070771767785, -0.45134646973401, 0
818, 0.95070771767785, 0.45134646973401, 0
819, 0.72431507802585, -0.3132069126486, 0
820, -0.72431507802585, 0.3132069126486, 0
821, -0.45354339209523, -0.17317826502245, 0
822, -0.39847709451505, -0.15328548551172, 0
823, 0.45354339209523, 0.17317826502245, 0
824, 0.39847709451505, 0.15328548551172, 0
825, 0.54518078649246, -0.1756030781482, 0
826, -0.54518078649246, 0.1756030781482, 0
827, 0.36673071449863, 0.22305694233671, 0
828, -0.36673071449863, -0.22305694233671, 0
829, 0.63268918533723, -0.27876587312286, 0
830, -0.63268918533723, 0.27876587312286, 0
831, 0.52023103872144, 0.022941763100896, 0
832, -0.52023103872144, -0.022941763100896, 0
833, 0.15418936184312, 0.17666335981661, 0
834, -0.15418936184312, -0.17666335981661, 0
835, 0.90675644931584, -0.23456595251934, 0
836, -0.90675644931584, 0.23456595251934, 0
837, -0.84219262887328, -0.3966699964946, 0
838, 0.84219262887328, 0.3966699964946, 0
839, -0.18188791679754, -0.40555776264913, 0
840, 0.18188791679754, 0.40555776264913, 0
841, 0.89965889970491, -0.37847370675346, 0
842, -0.89965889970491, 0.37847370675346, 0
843, 0.74161240991389, 0.05597534628606, 0
844, -0.74161240991389, -0.05597534628606, 0
845, -0.080624672355257, -0.19264102364213, 0
846, 0.080624672355257, 0.19264102364213, 0
847, -0.16356049901814, -0.090705799096563, 0
848, 0.16356049901814, 0.090705799096563, 0
849, 0.27559237454692, -0.022398086519713, 0
850, -0.27559237454692, 0.022398086519713, 0
851, -0.44992960856392, -0.43233684583037, 0
852, 0.44992960856392, 0.43233684583037, 0
853, -0.025801662904494, -0.40190424309908, 0
854, 0.025801662904494, 0.40190424309908, 0
855, 0.075209471892115, -0.31114774593337, 0
856, -0.075209471892115, 0.31114774593337, 0
857, 0.46639598346315, 0.064610908820656, 0
858, -0.46639598346315, -0.064610908820656, 0
859, -0.26431881089895, 0.086006186132826, 0
860, 0.26431881089895, -0.086006186132826, 0
861, -0.5695993662235, -0.17285176070416, 0
862, 0.5695993662235, 0.17285176070416, 0
863, 0.24743573118152, -0.12335205642857, 0
864, -0.24743573118152, 0.12335205642857, 0
865, 0.43691125677213, 0.097690616349044, 0
866, -0.43691125677213, -0.097690616349044, 0
867, 0.13558561451708, -0.26119866007793, 0
868, -0.13558561451708, 0.26119866007793, 0
869, -0.29311206565031, -0.31207067559997, 0
870, 0.29311206565031, 0.31207067559997, 0
871, -0.55672968299466, -0.13389994825159, 0
872, 0.55672968299466, 0.13389994825159, 0
873, 0.28980888904721, -0.19147163480444, 0
874, -0.28980888904721, 0.19147163480444, 0
875, 0.62780599690471, 0.082882448653827, 0
876, 0.60546238246548, 0.10260120410338, 0
877, 0.59390910437534, 0.074510102530927, 0
878, -0.62780599690471, -0.082882448653827, 0
879, -0.60546238246548, -0.10260120410338, 0
880, -0.59390910437534, -0.074510102530927, 0
881, 0.61807753905159, 0.12860639669921, 0
882, 0.58418064652222, 0.12023405057631, 0
883, -0.61807753905159, -0.12860639669921, 0
884, -0.58418064652222, -0.12023405057631, 0
885, 0.61728416840252, 0.22598874352679, 0
886, 0.62928694797707, 0.20345278788984, 0
887, 0.64657111654481, 0.22944153151153, 0
888, -0.61728416840252, -0.22598874352679, 0
889, -0.62928694797707, -0.20345278788984, 0
890, -0.64657111654481, -0.22944153151153, 0
891, -0.19350128755109, 0.00018778680415567, 0
892, -0.21707354952195, 0.018693816711046, 0
893, -0.21684461757742, -0.019691649945936, 0
894, 0.19350128755109, -0.00018778680415567, 0
895, 0.21707354952195, -0.018693816711046, 0
896, 0.21684461757742, 0.019691649945936, 0
897, 0.43273147365641, -0.20011843171248, 0
898, 0.41443020342989, -0.21841970190198, 0
899, -0.43273147365641, 0.20011843171248, 0
900, -0.41443020342989, 0.21841970190198, 0
901, -0.17889526268478, 0.074043434995401, 0
902, -0.1930781389914, 0.10084181286056, 0
903, -0.20791309580225, 0.065371631326297, 0
904, 0.17889526268478, -0.074043434995401, 0
905, 0.1930781389914, -0.10084181286056, 0
906, 0.20791309580225, -0.065371631326297, 0
907, -0.38139905219408, -0.3333276571694, 0
908, -0.37470032236831, -0.30832765714342, 0
909, 0.38139905219408, 0.3333276571694, 0
910, 0.37470032236831, 0.30832765714342, 0
911, -0.83262666316574, -0.32173777645714, 0
912, -0.86571895297935, -0.3319899845281, 0
913, -0.85213210037309, -0.35641393327944, 0
914, 0.83262666316574, 0.32173777645714, 0
915, 0.86571895297935, 0.3319899845281, 0
916, 0.85213210037309, 0.35641393327944, 0
917, 0.36339745968192, -0.2999999999227, 0
918, 0.33866364853682, -0.28221631208668, 0
919, 0.33866364854297, -0.31881885242722, 0
920, -0.36339745968192, 0.2999999999227, 0
921, -0.33866364853682, 0.28221631208668, 0
922, -0.33866364854297, 0.31881885242722, 0
923, -0.61058543864915, -0.2509887435306, 0
924, -0.59330127008141, -0.22499999990891, 0
925, 0.61058543864915, 0.2509887435306, 0
926, 0.59330127008141, 0.22499999990891, 0
927, 0.34105141087534, -0.2244215346107, 0
928, 0.34934992199533, -0.20019809970053, 0
929, 0.32092557528332, -0.21225397577028, 0
930, -0.34105141087534, 0.2244215346107, 0
931, -0.34934992199533, 0.20019809970053, 0
932, -0.32092557528332, 0.21225397577028, 0
933, -0.87318985435021, -0.29862920220888, 0
934, -0.89269529155755, -0.33330535903118, 0
935, 0.87318985435021, 0.29862920220888, 0
936, 0.89269529155755, 0.33330535903118, 0
937, 0.39143660862287, -0.23118282923858, 0
938, 0.39246935239438, -0.19960253120434, 0
939, -0.39143660862287, 0.23118282923858, 0
940, -0.39246935239438, 0.19960253120434, 0
941, 0.38169872983788, -0.28169872979108, 0
942, 0.38169872984403, -0.31830127013162, 0
943, -0.38169872983788, 0.28169872979108, 0
944, -0.38169872984403, 0.31830127013162, 0
945, 0.40769624375566, -0.10992077315332, 0
946, 0.37966100649879, -0.1210560976118, 0
947, 0.39803975966804, -0.14089495075968, 0
948, -0.40769624375566, 0.10992077315332, 0
949, -0.37966100649879, 0.1210560976118, 0
950, -0.39803975966804, 0.14089495075968, 0
951, 0.0016849740077832, -0.32940174641504, 0
952, -0.0020612546812351, -0.36621752293828, 0
953, 0.027648805991908, -0.34949330540393, 0
954, -0.0016849740077832, 0.32940174641504, 0
955, 0.0020612546812351, 0.36621752293828, 0
956, -0.027648805991908, 0.34949330540393, 0
957, 0.5783815229883, -0.16427313232017, 0
958, 0.55450805764277, -0.15616178036921, 0
959, 0.56905425183798, -0.18371443009917, 0
960, -0.5783815229883, 0.16427313232017, 0
961, -0.55450805764277, 0.15616178036921, 0
962, -0.56905425183798, 0.18371443009917, 0
963, 0.43309560804536, -0.4148735520166, 0
964, 0.44717518216572, -0.44471021282393, 0
965, 0.46407957405949, -0.41643920115062, 0
966, -0.43309560804536, 0.4148735520166, 0
967, -0.44717518216572, 0.44471021282393, 0
968, -0.46407957405949, 0.41643920115062, 0
969, -0.38400432618754, -0.36290242367699, 0
970, -0.35200591873008, -0.34623008079444, 0
971, 0.38400432618754, 0.36290242367699, 0
972, 0.35200591873008, 0.34623008079444, 0
973, 0.60331926682952, -0.16613483014486, 0
974, 0.58877307263431, -0.13858218041491, 0
975, -0.60331926682952, 0.16613483014486, 0
976, -0.58877307263431, 0.13858218041491, 0
977, 0.3635238922461, -0.097458631332368, 0
978, 0.35386740815848, -0.12843280893872, 0
979, -0.3635238922461, 0.097458631332368, 0
980, -0.35386740815848, 0.12843280893872, 0
981, 0.85497640821639, 0.20993664131606, 0
982, 0.84448166777658, 0.23915317495239, 0
983, 0.82027727657628, 0.21332300801613, 0
984, -0.85497640821639, -0.20993664131606, 0
985, -0.84448166777658, -0.23915317495239, 0
986, -0.82027727657628, -0.21332300801613, 0
987, 0.33801226191955, -0.24993743513131, 0
988, 0.36643660863156, -0.23788155906156, 0
989, -0.33801226191955, 0.24993743513131, 0
990, -0.36643660863156, 0.23788155906156, 0
991, 0.39547830820843, -0.37024594553435, 0
992, 0.41377957840047, -0.3885472157636, 0
993, -0.39547830820843, 0.37024594553435, 0
994, -0.41377957840047, 0.3885472157636, 0
995, 0.030709842331715, -0.173299911448, 0
996, 4.3403926919613e-05, -0.18183090281972, 0
997, 0.030753246258635, -0.20513081426772, 0
998, -0.030709842331715, 0.173299911448, 0
999, -4.340392691962e-05, 0.18183090281972, 0
1000, -0.030753246258635, 0.20513081426772, 0
1001, 0.018944595681015, 0.31197776657356, 0
1002, -0.010765464992128, 0.2952535490392, 0
1003, -0.018944595681015, -0.31197776657356, 0
1004, 0.010765464992128, -0.2952535490392, 0
1005, 0.27745717902683, 0.34332160027509, 0
1006, 0.27510733083371, 0.37164309486332, 0
1007, 0.24616519692435, 0.36483694674835, 0
1008, -0.27745717902683, -0.34332160027509, 0
1009, -0.27510733083371, -0.37164309486332, 0
1010, -0.24616519692435, -0.36483694674835, 0
1011, 0.1379939659563, -0.1948132826197, 0
1012, 0.14001794386739, -0.22667309550504, 0
1013, 0.16608026937221, -0.1999767739106, 0
1014, -0.1379939659563, 0.1948132826197, 0
1015, -0.14001794386739, 0.22667309550504, 0
1016, -0.16608026937221, 0.1999767739106, 0
1017, 0.30596597738377, 0.37611378005933, 0
1018, 0.27467399528128, 0.39762912653258, 0
1019, -0.30596597738377, -0.37611378005933, 0
1020, -0.27467399528128, -0.39762912653258, 0
1021, 0.088688802950324, -0.4642626198836, 0
1022, 0.054206044329539, -0.4642626198836, 0
1023, -0.088688802950324, 0.4642626198836, 0
1024, -0.054206044329539, 0.4642626198836, 0
1025, 0.48907957408993, -0.42313793097897, 0
1026, -0.48907957408993, 0.42313793097897, 0
1027, 0.66396105898881, -0.2315435521779, 0
1028, 0.65787375159353, -0.26132884528734, 0
1029, 0.68385793252216, -0.25606177944433, 0
1030, -0.66396105898881, 0.2315435521779, 0
1031, -0.65787375159353, 0.26132884528734, 0
1032, -0.68385793252216, 0.25606177944433, 0
1033, -0.17163617780328, -0.019098839926413, 0
1034, -0.17186510974781, 0.019286626730569, 0
1035, 0.17163617780328, 0.019098839926413, 0
1036, 0.17186510974781, -0.019286626730569, 0
1037, 0.57056464191925, -0.11296949800177, 0
1038, 0.59550238576046, -0.11483119582646, 0
1039, -0.57056464191925, 0.11296949800177, 0
1040, -0.59550238576046, 0.11483119582646, 0
1041, -0.61128720711008, -0.34557627886967, 0
1042, -0.61981624058881, -0.36885314221183, 0
1043, -0.59513157392718, -0.3732768632209, 0
1044, 0.61128720711008, 0.34557627886967, 0
1045, 0.61981624058881, 0.36885314221183, 0
1046, 0.59513157392718, 0.3732768632209, 0
1047, 0.6116025403332, -0.34330127025255, 0
1048, 0.59791145841219, -0.3716192214232, 0
1049, 0.62291145841051, -0.3649204916003, 0
1050, -0.6116025403332, 0.34330127025255, 0
1051, -0.59791145841219, 0.3716192214232, 0
1052, -0.62291145841051, 0.3649204916003, 0
1053, -0.15132111784334, 0.083458065769411, 0
1054, -0.16615607465418, 0.047987884235147, 0
1055, 0.15132111784334, -0.083458065769411, 0
1056, 0.16615607465418, -0.047987884235147, 0
1057, -0.1079799445052, 0.13526691014193, 0
1058, -0.13697708897449, 0.13699070969646, 0
1059, -0.13506316140465, 0.10778981697513, 0
1060, 0.1079799445052, -0.13526691014193, 0
1061, 0.13697708897449, -0.13699070969646, 0
1062, 0.13506316140465, -0.10778981697513, 0
1063, 0.63512692970391, -0.39289220133198, 0
1064, 0.64881801162493, -0.36457425016133, 0
1065, -0.63512692970391, 0.39289220133198, 0
1066, -0.64881801162493, 0.36457425016133, 0
1067, 0.13697508176808, -0.16629238194426, 0
1068, 0.16405829866753, -0.13881528877747, 0
1069, -0.13697508176808, 0.16629238194426, 0
1070, -0.16405829866753, 0.13881528877747, 0
1071, -0.37485399617592, -0.18879103781702, 0
1072, -0.37291176786091, -0.16585606893278, 0
1073, -0.40041932283006, -0.17622045439595, 0
1074, 0.37485399617592, 0.18879103781702, 0
1075, 0.37291176786091, 0.16585606893278, 0
1076, 0.40041932283006, 0.17622045439595, 0
1077, 0.018085870940102, -0.4730440667316, 0
1078, 0.037809156651633, -0.43730668661519, 0
1079, -0.018085870940102, 0.4730440667316, 0
1080, -0.037809156651633, 0.43730668661519, 0
1081, 0.62047415453387, -0.11426644958513, 0
1082, 0.60226572381881, -0.088653767171991, 0
1083, -0.62047415453387, 0.11426644958513, 0
1084, -0.60226572381881, 0.088653767171991, 0
1085, 0.11091275626325, -0.1929887035387, 0
1086, -0.11091275626325, 0.1929887035387, 0
1087, 0.034277205890601, 0.28718951366136, 0
1088, 0.043357696874946, 0.32133771103719, 0
1089, -0.034277205890601, -0.28718951366136, 0
1090, -0.043357696874946, -0.32133771103719, 0
1091, 0.21820075911219, -0.40273708572021, 0
1092, 0.24277485466972, -0.41526096124403, 0
1093, 0.2457958451539, -0.38173347825942, 0
1094, -0.21820075911219, 0.40273708572021, 0
1095, -0.24277485466972, 0.41526096124403, 0
1096, -0.2457958451539, 0.38173347825942, 0
1097, 0.51654589757667, 0.088094060988701, 0
1098, 0.54071405076498, 0.078554736748266, 0
1099, 0.5473973367478, 0.10376818222092, 0
1100, -0.51654589757667, -0.088094060988701, 0
1101, -0.54071405076498, -0.078554736748266, 0
1102, -0.5473973367478, -0.10376818222092, 0
1103, -0.86269715759435, -0.26654031797907, 0
1104, -0.82799802595424, -0.26992668467913, 0
1105, 0.86269715759435, 0.26654031797907, 0
1106, 0.82799802595424, 0.26992668467913, 0
1107, -0.53488871988099, -0.051390126544786, 0
1108, -0.56574015905213, -0.067064247777, 0
1109, 0.53488871988099, 0.051390126544786, 0
1110, 0.56574015905213, 0.067064247777, 0
1111, 0.053646774316905, -0.33569176413197, 0
1112, 0.049900545627886, -0.37250754065522, 0
1113, -0.053646774316905, 0.33569176413197, 0
1114, -0.049900545627886, 0.37250754065522, 0
1115, 0.059411099670767, -0.16759087642293, 0
1116, -0.059411099670767, 0.16759087642293, 0
1117, -0.61728416848513, -0.27598874357424, 0
1118, -0.64922045278943, -0.27519892034498, 0
1119, -0.6319362843043, -0.29921017677073, 0
1120, 0.61728416848513, 0.27598874357424, 0
1121, 0.64922045278943, 0.27519892034498, 0
1122, 0.6319362843043, 0.29921017677073, 0
1123, 0.3968751865067, -0.41681822743691, 0
1124, -0.3968751865067, 0.41681822743691, 0
1125, 0.84832640230378, 0.09174012091405, 0
1126, 0.82621319330778, 0.064535731909571, 0
1127, 0.8578088300541, 0.065324890069239, 0
1128, -0.84832640230378, -0.09174012091405, 0
1129, -0.82621319330778, -0.064535731909571, 0
1130, -0.8578088300541, -0.065324890069239, 0
1131, 0.91613487118555, -0.10301599791904, 0
1132, 0.88128645763836, -0.10272616376196, 0
1133, 0.907416559534, -0.13304349917727, 0
1134, -0.91613487118555, 0.10301599791904, 0
1135, -0.88128645763836, 0.10272616376196, 0
1136, -0.907416559534, 0.13304349917727, 0
1137, -0.61798593688585, -0.3205762789303, 0
1138, -0.64992222119016, -0.31978645570103, 0
1139, 0.61798593688585, 0.3205762789303, 0
1140, 0.64992222119016, 0.31978645570103, 0
1141, -0.35188572422384, -0.40619614940335, 0
1142, -0.37942382067521, -0.38805421146125, 0
1143, -0.37669835217551, -0.41844551356257, 0
1144, 0.35188572422384, 0.40619614940335, 0
1145, 0.37942382067521, 0.38805421146125, 0
1146, 0.37669835217551, 0.41844551356257, 0
1147, 0.7095930316521, -0.24546800023881, 0
1148, 0.70350572425681, -0.27525329334825, 0
1149, -0.7095930316521, 0.24546800023881, 0
1150, -0.70350572425681, 0.27525329334825, 0
1151, 0.31450253044077, -0.46147375999838, 0
1152, 0.29317032334896, -0.43397265556102, 0
1153, 0.28901262049248, -0.47249889556265, 0
1154, -0.31450253044077, 0.46147375999838, 0
1155, -0.29317032334896, 0.43397265556102, 0
1156, -0.28901262049248, 0.47249889556265, 0
1157, 0.56172666408127, -0.47395403385722, 0
1158, 0.58572181404586, -0.47244924527401, 0
1159, 0.56124158157655, -0.44640327913124, 0
1160, -0.56172666408127, 0.47395403385722, 0
1161, -0.58572181404586, 0.47244924527401, 0
1162, -0.56124158157655, 0.44640327913124, 0
1163, 0.24143009101434, -0.44063117991505, 0
1164, 0.26902517705605, -0.41962757245427, 0
1165, -0.24143009101434, 0.44063117991505, 0
1166, -0.26902517705605, 0.41962757245427, 0
1167, 0.56159774743767, 0.47373074359946, 0
1168, 0.56059585086072, 0.44665277013253, 0
1169, 0.58520499997593, 0.47292202653307, 0
1170, -0.56159774743767, -0.47373074359946, 0
1171, -0.56059585086072, -0.44665277013253, 0
1172, -0.58520499997593, -0.47292202653307, 0
1173, 0.055649703608717, -0.22671733839066, 0
1174, 0.080905681502736, -0.23917222904973, 0
1175, 0.086675662557449, -0.20905471355507, 0
1176, -0.055649703608717, 0.22671733839066, 0
1177, -0.080905681502736, 0.23917222904973, 0
1178, -0.086675662557449, 0.20905471355507, 0
1179, 0.3367454211166, -0.47480618905124, 0
1180, 0.34090312397308, -0.43627994904962, 0
1181, -0.3367454211166, 0.47480618905124, 0
1182, -0.34090312397308, 0.43627994904962, 0
1183, 0.3403731193049, -0.3478819489858, 0
1184, 0.34745396789178, -0.37482662444614, 0
1185, 0.37047830827494, -0.36354721572357, 0
1186, -0.3403731193049, 0.3478819489858, 0
1187, -0.34745396789178, 0.37482662444614, 0
1188, -0.37047830827494, 0.36354721572357, 0
1189, 0.3180045061095, -0.39105443885256, 0
1190, 0.34810969507954, -0.40671970559033, 0
1191, -0.3180045061095, 0.39105443885256, 0
1192, -0.34810969507954, 0.40671970559033, 0
1193, 0.94553980317976, -0.099076527491454, 0
1194, 0.91940970128411, -0.06875919207614, 0
1195, -0.94553980317976, 0.099076527491454, 0
1196, -0.91940970128411, 0.06875919207614, 0
1197, 0.85869412867665, 0.17332511124808, 0
1198, 0.88289851987695, 0.19915527818435, 0
1199, -0.85869412867665, -0.17332511124808, 0
1200, -0.88289851987695, -0.19915527818435, 0
1201, 0.90357291606961, -0.33432120637205, 0
1202, 0.91231119169556, -0.30554913761022, 0
1203, 0.87864641127304, -0.30812163597508, 0
1204, -0.90357291606961, 0.33432120637205, 0
1205, -0.91231119169556, 0.30554913761022, 0
1206, -0.87864641127304, 0.30812163597508, 0
1207, 0.12412125168462, -0.47211828821332, 0
1208, 0.10936177877537, -0.43638090809691, 0
1209, -0.12412125168462, 0.47211828821332, 0
1210, -0.10936177877537, 0.43638090809691, 0
1211, -0.64902258508045, -0.36726259473899, 0
1212, -0.63286695189755, -0.39496317909023, 0
1213, 0.64902258508045, 0.36726259473899, 0
1214, 0.63286695189755, 0.39496317909023, 0
1215, 0.67906584190728, 0.36952283171521, 0
1216, 0.71124542090019, 0.37080147126928, 0
1217, 0.6942528753821, 0.39465127117146, 0
1218, -0.67906584190728, -0.36952283171521, 0
1219, -0.71124542090019, -0.37080147126928, 0
1220, -0.6942528753821, -0.39465127117146, 0
1221, -0.38454613282185, -0.21110618280845, 0
1222, -0.3570385778527, -0.20074179734528, 0
1223, 0.38454613282185, 0.21110618280845, 0
1224, 0.3570385778527, 0.20074179734528, 0
1225, 0.88609444898522, 0.059864360229365, 0
1226, 0.86398123998922, 0.032659971224886, 0
1227, -0.88609444898522, -0.059864360229365, 0
1228, -0.86398123998922, -0.032659971224886, 0
1229, 0.87451219174792, -0.20832604564994, 0
1230, 0.8728100449605, -0.18158176894703, 0
1231, 0.84889293381019, -0.2038836636021, 0
1232, -0.87451219174792, 0.20832604564994, 0
1233, -0.8728100449605, 0.18158176894703, 0
1234, -0.84889293381019, 0.2038836636021, 0
1235, 0.63276859922857, -0.062608918752239, 0
1236, 0.61349628485184, -0.040906326003285, 0
1237, 0.60796517821548, -0.066386428181709, 0
1238, -0.63276859922857, 0.062608918752239, 0
1239, -0.61349628485184, 0.040906326003285, 0
1240, -0.60796517821548, 0.066386428181709, 0
1241, 0.52724390546048, -0.47395403385722, 0
1242, -0.52724390546048, 0.47395403385722, 0
1243, 0.52711498881707, 0.47373074359946, 0
1244, -0.52711498881707, -0.47373074359946, 0
1245, 0.94289173968773, -0.2973880526567, 0
1246, 0.91796523489116, -0.27118848225973, 0
1247, -0.94289173968773, 0.2973880526567, 0
1248, -0.91796523489116, 0.27118848225973, 0
1249, 0.87867576495672, -0.23259694641218, 0
1250, 0.90259287610704, -0.21029505175711, 0
1251, -0.87867576495672, 0.23259694641218, 0
1252, -0.90259287610704, 0.21029505175711, 0
1253, -0.67739008298638, -0.41934798093426, 0
1254, -0.70956966197929, -0.42062662048833, 0
1255, 0.67739008298638, 0.41934798093426, 0
1256, 0.70956966197929, 0.42062662048833, 0
1257, 0.0726649296515, -0.26551806882673, 0
1258, 0.10369088860023, -0.24785544399114, 0
1259, -0.0726649296515, 0.26551806882673, 0
1260, -0.10369088860023, 0.24785544399114, 0
1261, -0.10391235600337, -0.38984071272937, 0
1262, -0.13409709525526, -0.41325425336895, 0
1263, -0.10599144201385, -0.42096618600361, 0
1264, 0.10391235600337, 0.38984071272937, 0
1265, 0.13409709525526, 0.41325425336895, 0
1266, 0.10599144201385, 0.42096618600361, 0
1267, 0.2864230255929, -0.15593268667466, 0
1268, 0.27441453306736, -0.17670329975518, 0
1269, 0.30181738157275, -0.17070102172392, 0
1270, -0.2864230255929, 0.15593268667466, 0
1271, -0.27441453306736, 0.17670329975518, 0
1272, -0.30181738157275, 0.17070102172392, 0
1273, 0.27270011636439, -0.13871272475252, 0
1274, 0.30010296486978, -0.13271044672125, 0
1275, -0.27270011636439, 0.13871272475252, 0
1276, -0.30010296486978, 0.13271044672125, 0
1277, 0.6353330316987, -0.25778824557188, 0
1278, 0.65522990523206, -0.28230647283832, 0
1279, -0.6353330316987, 0.25778824557188, 0
1280, -0.65522990523206, 0.28230647283832, 0
1281, 0.58299340944207, -0.066951174423037, 0
1282, -0.58299340944207, 0.066951174423037, 0
1283, -0.3777791825374, -0.44430807532282, 0
1284, -0.40531727898877, -0.42616613738072, 0
1285, 0.3777791825374, 0.44430807532282, 0
1286, 0.40531727898877, 0.42616613738072, 0
1287, 0.57961018817888, -0.38992049161273, 0
1288, 0.5676183657047, -0.41575051550127, 0
1289, 0.59722855401532, -0.41906846665949, 0
1290, -0.57961018817888, 0.38992049161273, 0
1291, -0.5676183657047, 0.41575051550127, 0
1292, -0.59722855401532, 0.41906846665949, 0
1293, 0.22963895517556, 0.12407019843892, 0
1294, 0.22484360586561, 0.15183928912736, 0
1295, 0.205402904333, 0.13060087606028, 0
1296, -0.22963895517556, -0.12407019843892, 0
1297, -0.22484360586561, -0.15183928912736, 0
1298, -0.205402904333, -0.13060087606028, 0
1299, 0.91100662644607, 0.21750546029866, 0
1300, 0.91472434690633, 0.18089393023068, 0
1301, -0.91100662644607, -0.21750546029866, 0
1302, -0.91472434690633, -0.18089393023068, 0
1303, 0.43223353910951, -0.47157228184495, 0
1304, 0.39775078048872, -0.47157228184495, 0
1305, -0.43223353910951, 0.47157228184495, 0
1306, -0.39775078048872, 0.47157228184495, 0
1307, 0.46321750512364, -0.47313793097897, 0
1308, -0.46321750512364, 0.47313793097897, 0
1309, 0.70315380525124, 0.064604513557001, 0
1310, 0.68470500147194, 0.079107570359041, 0
1311, 0.6825282355039, 0.048608183652258, 0
1312, -0.70315380525124, -0.064604513557001, 0
1313, -0.68470500147194, -0.079107570359041, 0
1314, -0.6825282355039, -0.048608183652258, 0
1315, -0.10168314762441, -0.44892385285206, 0
1316, -0.07149840837252, -0.42551031221249, 0
1317, 0.10168314762441, 0.44892385285206, 0
1318, 0.07149840837252, 0.42551031221249, 0
1319, 0.082842081125546, 0.25977877193821, 0
1320, 0.091145996985949, 0.23088632960697, 0
1321, 0.11392576587421, 0.25097132067573, 0
1322, -0.082842081125546, -0.25977877193821, 0
1323, -0.091145996985949, -0.23088632960697, 0
1324, -0.11392576587421, -0.25097132067573, 0
1325, 0.72129472459855, 0.045040236568139, 0
1326, 0.72347149056659, 0.075539623274923, 0
1327, -0.72129472459855, -0.045040236568139, 0
1328, -0.72347149056659, -0.075539623274923, 0
1329, 0.86994253787768, 0.0027061699945942, 0
1330, 0.84165691894656, 0.0081666998344684, 0
1331, -0.86994253787768, -0.0027061699945942, 0
1332, -0.84165691894656, -0.0081666998344684, 0
1333, 0.54362321574011, -0.41725530408447, 0
1334, -0.54362321574011, 0.41725530408447, 0
1335, 0.39273373480629, -0.16943483954295, 0
1336, 0.42076897206316, -0.15829951508447, 0
1337, -0.39273373480629, 0.16943483954295, 0
1338, -0.42076897206316, 0.15829951508447, 0
1339, -0.35088112998886, -0.15438516087024, 0
1340, -0.376446456643, -0.14181457744918, 0
1341, 0.35088112998886, 0.15438516087024, 0
1342, 0.376446456643, 0.14181457744918, 0
1343, 0.63738641991772, 0.13741631907318, 0
1344, 0.61610468397447, 0.15504916554611, 0
1345, -0.63738641991772, -0.13741631907318, 0
1346, -0.61610468397447, -0.15504916554611, 0
1347, -0.29461292808012, -0.1565796764436, 0
1348, -0.32514817500927, -0.15323599047001, 0
1349, -0.31681119427761, -0.18177033832743, 0
1350, 0.29461292808012, 0.1565796764436, 0
1351, 0.32514817500927, 0.15323599047001, 0
1352, 0.31681119427761, 0.18177033832743, 0
1353, 0.42795247162015, 0.18616684415132, 0
1354, 0.42601024330514, 0.16323187526708, 0
1355, -0.42795247162015, -0.18616684415132, 0
1356, -0.42601024330514, -0.16323187526708, 0
1357, 0.75381586392333, -0.40058843899975, 0
1358, 0.73098277924806, -0.38181820325388, 0
1359, 0.73314165053512, -0.41603281704663, 0
1360, -0.75381586392333, 0.40058843899975, 0
1361, -0.73098277924806, 0.38181820325388, 0
1362, -0.73314165053512, 0.41603281704663, 0
1363, -0.24293150405609, -0.028777110951853, 0
1364, -0.21935924208523, -0.047283140858743, 0
1365, 0.24293150405609, 0.028777110951853, 0
1366, 0.21935924208523, 0.047283140858743, 0
1367, 0.64016607526958, 0.058951293767836, 0
1368, 0.65171935335972, 0.08704239534029, 0
1369, -0.64016607526958, -0.058951293767836, 0
1370, -0.65171935335972, -0.08704239534029, 0
1371, -0.32975254165613, -0.46829372575234, 0
1372, -0.29333345984463, -0.47398591110832, 0
1373, -0.31274117391264, -0.44227963686066, 0
1374, 0.32975254165613, 0.46829372575234, 0
1375, 0.29333345984463, 0.47398591110832, 0
1376, 0.31274117391264, 0.44227963686066, 0
1377, 0.36974013999926, -0.18219796687955, 0
1378, 0.34961430440724, -0.17003040803913, 0
1379, -0.36974013999926, 0.18219796687955, 0
1380, -0.34961430440724, 0.17003040803913, 0
1381, -0.36423530027672, -0.46829372575234, 0
1382, -0.39285422708999, -0.47601434957049, 0
1383, 0.36423530027672, 0.46829372575234, 0
1384, 0.39285422708999, 0.47601434957049, 0
1385, -0.57683030371508, -0.39157813346376, 0
1386, -0.59393185540244, -0.4211988898146, 0
1387, -0.56710155171161, -0.41622329671529, 0
1388, 0.57683030371508, 0.39157813346376, 0
1389, 0.59393185540244, 0.4211988898146, 0
1390, 0.56710155171161, 0.41622329671529, 0
1391, 0.91388796860427, 0.38308489036212, 0
1392, 0.91690455553275, 0.41802293301799, 0
1393, 0.88824097711517, 0.40160418400627, 0
1394, -0.91388796860427, -0.38308489036212, 0
1395, -0.91690455553275, -0.41802293301799, 0
1396, -0.88824097711517, -0.40160418400627, 0
1397, -0.26767780202831, -0.16521131790351, 0
1398, -0.27601478275997, -0.13667697004609, 0
1399, 0.26767780202831, 0.16521131790351, 0
1400, 0.27601478275997, 0.13667697004609, 0
1401, 0.23431376943032, 0.10197062609364, 0
1402, 0.25375447096293, 0.12320903916072, 0
1403, -0.23431376943032, -0.10197062609364, 0
1404, -0.25375447096293, -0.12320903916072, 0
1405, 0.18743749252418, -0.18222105726659, 0
1406, 0.18946147043527, -0.21408087015192, 0
1407, -0.18743749252418, 0.18222105726659, 0
1408, -0.18946147043527, 0.21408087015192, 0
1409, 0.88549872444252, -0.15938890800753, 0
1410, 0.92034713798971, -0.15967874216462, 0
1411, -0.88549872444252, 0.15938890800753, 0
1412, -0.92034713798971, 0.15967874216462, 0
1413, 0.3132784507806, -0.26875628763582, 0
1414, -0.3132784507806, 0.26875628763582, 0
1415, -0.66601513059854, -0.34341279483682, 0
1416, -0.67996547801699, -0.32204669267725, 0
1417, 0.66601513059854, 0.34341279483682, 0
1418, 0.67996547801699, 0.32204669267725, 0
1419, 0.082156078549168, 0.28820661056598, 0
1420, 0.05937630966091, 0.26812161949722, 0
1421, -0.082156078549168, -0.28820661056598, 0
1422, -0.05937630966091, -0.26812161949722, 0
1423, 0.23491943533737, -0.17913005910691, 0
1424, 0.23503529093322, -0.15224164161437, 0
1425, 0.21093454918308, -0.16943673601536, 0
1426, -0.23491943533737, 0.17913005910691, 0
1427, -0.23503529093322, 0.15224164161437, 0
1428, -0.21093454918308, 0.16943673601536, 0
1429, 0.94290006365927, 0.16568372500051, 0
1430, 0.91479195709015, 0.1473335428862, 0
1431, -0.94290006365927, -0.16568372500051, 0
1432, -0.91479195709015, -0.1473335428862, 0
1433, -0.42733698571058, -0.47601434957049, 0
1434, 0.42733698571058, 0.47601434957049, 0
1435, 0.024983265203922, -0.23524832976238, 0
1436, -0.024983265203922, 0.23524832976238, 0
1437, 0.94473337413474, 0.034546939593003, 0
1438, 0.91793868821963, 0.046948563974142, 0
1439, 0.91906154483546, 0.014797817003872, 0
1440, -0.94473337413474, -0.034546939593003, 0
1441, -0.91793868821963, -0.046948563974142, 0
1442, -0.91906154483546, -0.014797817003872, 0
1443, -0.54349429917335, -0.41703201378168, 0
1444, 0.54349429917335, 0.41703201378168, 0
1445, -0.32868286379137, -0.1291944989864, 0
1446, 0.32868286379137, 0.12919449898641, 0
1447, 0.87300627241915, -0.021836873926511, 0
1448, 0.89533059346182, 0.0026563974639067, 0
1449, -0.87300627241915, 0.021836873926511, 0
1450, -0.89533059346182, -0.0026563974639067, 0
1451, -0.2240143642485, -0.47452530702872, 0
1452, -0.2414857551256, -0.44851121813704, 0
1453, -0.25885070122403, -0.47398591110832, 0
1454, 0.2240143642485, 0.47452530702872, 0
1455, 0.2414857551256, 0.44851121813704, 0
1456, 0.25885070122403, 0.47398591110832, 0
1457, 0.42816385895729, 0.44218277248567, 0
1458, 0.44910273531721, 0.46616842291518, 0
1459, -0.42816385895729, -0.44218277248567, 0
1460, -0.44910273531721, -0.46616842291518, 0
1461, 0.87858685306303, -0.46833147832512, 0
1462, 0.86013673606997, -0.44020002933897, 0
1463, 0.8436188485238, -0.47186855101385, 0
1464, -0.87858685306303, 0.46833147832512, 0
1465, -0.86013673606997, 0.44020002933897, 0
1466, -0.8436188485238, 0.47186855101385, 0
1467, 0.67510792017583, 0.2292586180687, 0
1468, 0.66310514060128, 0.25179457370565, 0
1469, -0.67510792017583, -0.2292586180687, 0
1470, -0.66310514060128, -0.25179457370565, 0
1471, 0.94412059757078, 0.23293865370632, 0
1472, 0.9122947705414, 0.25120000165999, 0
1473, -0.94412059757078, -0.23293865370632, 0
1474, -0.9122947705414, -0.25120000165999, 0
1475, 0.67678148535849, -0.37050059687793, 0
1476, 0.66456601406509, -0.34252888714625, 0
1477, -0.67678148535849, 0.37050059687793, 0
1478, -0.66456601406509, 0.34252888714625, 0
1479, 0.97292811537528, 0.017864762977385, 0
1480, 0.97180525875946, 0.050015509947655, 0
1481, -0.97292811537528, -0.017864762977385, 0
1482, -0.97180525875946, -0.050015509947655, 0
1483, -0.70842240030941, -0.47266166512556, 0
1484, -0.72629101847501, -0.44607247467597, 0
1485, -0.74200654920084, -0.47341080955041, 0
1486, 0.70842240030941, 0.47266166512556, 0
1487, 0.72629101847501, 0.44607247467597, 0
1488, 0.74200654920084, 0.47341080955041, 0
1489, -0.18416425529445, -0.11740583500195, 0
1490, -0.1793689059845, -0.1451749256904, 0
1491, 0.18416425529445, 0.11740583500195, 0
1492, 0.1793689059845, 0.1451749256904, 0
1493, 0.97141622673772, 0.21628872283879, 0
1494, 0.97270437083306, 0.24998326420013, 0
1495, -0.97141622673772, -0.21628872283879, 0
1496, -0.97270437083306, -0.24998326420013, 0
1497, 0.099440458907176, -0.40689078491823, 0
1498, 0.13487290764147, -0.41474645324795, 0
1499, -0.099440458907176, 0.40689078491823, 0
1500, -0.13487290764147, 0.41474645324795, 0
1501, 0.3156393081598, -0.33009826114978, 0
1502, -0.3156393081598, 0.33009826114978, 0
1503, 0.68631573233213, 0.20399541851101, 0
1504, 0.67045637313251, 0.18104132314846, 0
1505, 0.69819820934528, 0.1781311657849, 0
1506, -0.68631573233213, -0.20399541851101, 0
1507, -0.67045637313251, -0.18104132314846, 0
1508, -0.69819820934528, -0.1781311657849, 0
1509, 0.97141622673772, 0.18295538950537, 0
1510, 0.97148383692154, 0.14939500216088, 0
1511, -0.97141622673772, -0.18295538950537, 0
1512, -0.97148383692154, -0.14939500216088, 0
1513, 0.943289095681, 0.099410512109649, 0
1514, 0.91144485644659, 0.11232630836487, 0
1515, 0.91176627828451, 0.079613482818496, 0
1516, -0.943289095681, -0.099410512109649, 0
1517, -0.91144485644659, -0.11232630836487, 0
1518, -0.91176627828451, -0.079613482818496, 0
1519, 0.77453909174284, -0.46740152639625, 0
1520, 0.74005633312205, -0.46740152639625, 0
1521, -0.77453909174284, 0.46740152639625, 0
1522, -0.74005633312205, 0.46740152639625, 0
1523, 0.80913608990302, -0.47186855101385, 0
1524, 0.79057173337057, -0.4392700774101, 0
1525, -0.80913608990302, 0.47186855101385, 0
1526, -0.79057173337057, 0.4392700774101, 0
1527, 0.86672509645846, 0.41660611157836, 0
1528, 0.86370850952999, 0.3816680689225, 0
1529, -0.86672509645846, -0.41660611157836, 0
1530, -0.86370850952999, -0.3816680689225, 0
1531, 0.22827953948537, -0.46813228435241, 0
1532, 0.19379678086458, -0.46813228435241, 0
1533, -0.22827953948537, 0.46813228435241, 0
1534, -0.19379678086458, 0.46813228435241, 0
1535, -0.1895316056279, -0.47452530702872, 0
1536, 0.1895316056279, 0.47452530702872, 0
1537, 0.97427289144167, -0.28151369865338, 0
1538, 0.96861884824606, -0.31587435400387, 0
1539, -0.97427289144167, 0.28151369865338, 0
1540, -0.96861884824606, 0.31587435400387, 0
1541, -0.084963512317985, -0.15080332036323, 0
1542, -0.096574590991034, -0.17783286727792, 0
1543, -0.069013593682207, -0.16561147672744, 0
1544, 0.084963512317985, 0.15080332036323, 0
1545, 0.096574590991034, 0.17783286727792, 0
1546, 0.069013593682207, 0.16561147672744, 0
1547, -0.32734644877774, -0.41934363161663, 0
1548, -0.33007191727744, -0.38895232951531, 0
1549, 0.32734644877774, 0.41934363161663, 0
1550, 0.33007191727744, 0.38895232951531, 0
1551, 0.64569418997751, -0.47261937674651, 0
1552, 0.61121143135672, -0.47261937674651, 0
1553, -0.64569418997751, 0.47261937674651, 0
1554, -0.61121143135672, 0.47261937674651, 0
1555, 0.69383471068247, 0.12514048534306, 0
1556, 0.66084906257025, 0.13307531032431, 0
1557, 0.67234492310706, 0.10303872524503, 0
1558, -0.69383471068247, -0.12514048534306, 0
1559, -0.66084906257025, -0.13307531032431, 0
1560, -0.67234492310706, -0.10303872524503, 0
1561, -0.22782219110342, -0.079600193618248, 0
1562, -0.20173530462475, -0.070514732612331, 0
1563, 0.22782219110342, 0.079600193618248, 0
1564, 0.20173530462475, 0.07051473261233, 0
1565, 0.32577808400204, -0.12738287565134, 0
1566, 0.34191519825473, -0.15098034193077, 0
1567, -0.32577808400204, 0.12738287565134, 0
1568, -0.34191519825473, 0.15098034193077, 0
1569, 0.7252102958726, 0.1748729188413, 0
1570, 0.70935093667298, 0.15191882347875, 0
1571, -0.7252102958726, -0.1748729188413, 0
1572, -0.70935093667298, -0.15191882347875, 0
1573, -0.67393964168882, -0.47266166512556, 0
1574, 0.67393964168882, 0.47266166512556, 0
1575, 0.33050525282987, 0.36296629784605, 0
1576, 0.32789997883641, 0.33339153133846, 0
1577, -0.33050525282987, -0.36296629784605, 0
1578, -0.32789997883641, -0.33339153133846, 0
1579, 0.72084679720979, 0.12188223839947, 0
1580, -0.72084679720979, -0.12188223839947, 0
1581, 0.97148383692154, 0.11606166882746, 0
1582, 0.97180525875946, 0.083348843281081, 0
1583, -0.97148383692154, -0.11606166882746, 0
1584, -0.97180525875946, -0.083348843281081, 0
1585, 0.68515005646277, -0.31715115320831, 0
1586, 0.6571865827292, -0.31122480649171, 0
1587, -0.68515005646277, 0.31715115320831, 0
1588, -0.6571865827292, 0.31122480649171, 0
1589, 0.74904119418898, 0.12242081402039, 0
1590, 0.73352496819847, 0.095642475884699, 0
1591, -0.74904119418898, -0.12242081402039, 0
1592, -0.73352496819847, -0.095642475884699, 0
1593, 0.64538059482663, -0.010566525218509, 0
1594, 0.62601337973552, 0.010309707450213, 0
1595, 0.61893249077381, -0.016252583905093, 0
1596, -0.64538059482663, 0.010566525218509, 0
1597, -0.62601337973552, -0.010309707450213, 0
1598, -0.61893249077381, 0.016252583905093, 0
1599, 0.60790899724863, 0.029707497922501, 0
1600, 0.58808377349136, 0.047345492327447, 0
1601, 0.57974005192542, 0.022261643168575, 0
1602, -0.60790899724863, -0.029707497922501, 0
1603, -0.58808377349136, -0.047345492327447, 0
1604, -0.57974005192542, -0.022261643168575, 0
1605, 0.6860234306047, -0.049303617175879, 0
1606, 0.66544712806398, -0.029493769703412, 0
1607, 0.65887600840565, -0.056938664046282, 0
1608, -0.6860234306047, 0.049303617175879, 0
1609, -0.66544712806398, 0.029493769703412, 0
1610, -0.65887600840565, 0.056938664046282, 0
1611, 0.97427289144167, -0.24818036532014, 0
1612, -0.97427289144167, 0.24818036532014, 0
1613, 0.77625611710705, -0.41635016163352, 0
1614, 0.77409724581999, -0.38213554784076, 0
1615, -0.77625611710705, 0.41635016163352, 0
1616, -0.77409724581999, 0.38213554784076, 0
1617, 0.97240175880025, 0.31667145559151, 0
1618, 0.94510612963331, 0.29998805312562, 0
1619, 0.97270437083306, 0.28331659753355, 0
1620, -0.97240175880025, -0.31667145559151, 0
1621, -0.94510612963331, -0.29998805312562, 0
1622, -0.97270437083306, -0.28331659753355, 0
1623, 0.9711324865406, -0.11666666666773, 0
1624, 0.9711324865406, -0.15000000000097, 0
1625, -0.9711324865406, 0.11666666666773, 0
1626, -0.9711324865406, 0.15000000000097, 0
1627, -0.80854868108234, -0.47256617505131, 0
1628, -0.77648930782144, -0.47341080955041, 0
1629, -0.79193454062734, -0.44597698460172, 0
1630, 0.80854868108234, 0.47256617505131, 0
1631, 0.77648930782144, 0.47341080955041, 0
1632, 0.79193454062734, 0.44597698460172, 0
1633, 0.88326913969365, 0.12753651359505, 0
1634, -0.88326913969365, -0.12753651359505, 0
1635, 0.97292811537528, -0.015468570355948, 0
1636, -0.97292811537528, 0.015468570355948, 0
1637, 0.10929526352371, 0.13454536392454, 0
1638, 0.13209813718327, 0.11902295078372, 0
1639, 0.13532738328638, 0.14750229777289, 0
1640, -0.10929526352371, -0.13454536392454, 0
1641, -0.13209813718327, -0.11902295078372, 0
1642, -0.13532738328638, -0.14750229777289, 0
1643, 0.63435710130145, 0.035393556609085, 0
1644, -0.63435710130145, -0.035393556609085, 0
1645, -0.016396887680587, -0.4730440667316, 0
1646, 0.016396887680587, 0.4730440667316, 0
1647, 0.67252801702568, -0.0029314783481057, 0
1648, -0.67252801702568, 0.0029314783481057, 0
1649, -0.15429498718574, -0.47218986332159, 0
1650, -0.1714127997079, -0.44671517035031, 0
1651, 0.15429498718574, 0.47218986332159, 0
1652, 0.1714127997079, 0.44671517035031, 0
1653, 0.42618077552104, 0.20627644148061, 0
1654, 0.45177169599611, 0.19328786235174, 0
1655, -0.42618077552104, -0.20627644148061, 0
1656, -0.45177169599611, -0.19328786235174, 0
1657, 0.27946881907015, 0.21141258129144, 0
1658, 0.25404574348353, 0.21769516730149, 0
1659, 0.26085287176183, 0.19139661031107, 0
1660, -0.27946881907015, -0.21141258129144, 0
1661, -0.25404574348353, -0.21769516730149, 0
1662, -0.26085287176183, -0.19139661031107, 0
1663, 0.97240175880025, 0.35000478892494, 0
1664, -0.97240175880025, -0.35000478892494, 0
1665, 0.96861884824606, -0.34920768733711, 0
1666, -0.96861884824606, 0.34920768733711, 0
1667, -0.16592714277821, -0.047800097265465, 0
1668, 0.16592714277821, 0.047800097265465, 0
1669, -0.08364819337657, 0.15152486640656, 0
1670, 0.08364819337657, -0.15152486640656, 0
1671, -0.88967349617254, -0.26785569248214, 0
1672, 0.88967349617254, 0.26785569248214, 0
1673, 0.571463858639, -0.20261162086312, 0
1674, 0.54759039329347, -0.19450026891216, 0
1675, -0.571463858639, 0.20261162086312, 0
1676, -0.54759039329347, 0.19450026891216, 0
1677, 0.91306961168381, -0.46833147832512, 0
1678, -0.91306961168381, 0.46833147832512, 0
1679, 0.94367753231118, 0.36642327527871, 0
1680, 0.9150139538936, 0.35000452626699, 0
1681, -0.94367753231118, -0.36642327527871, 0
1682, -0.9150139538936, -0.35000452626699, 0
1683, -0.84303143970293, -0.47256617505131, 0
1684, 0.84303143970293, 0.47256617505131, 0
1685, 0.43483018720739, -0.0068551892314232, 0
1686, 0.46145069108175, 0.00028821886795493, 0
1687, 0.44291837524772, 0.018952048698478, 0
1688, -0.43483018720739, 0.0068551892314232, 0
1689, -0.46145069108175, -0.00028821886795493, 0
1690, -0.44291837524772, -0.018952048698478, 0
1691, 0.42118471087103, -0.057905444433204, 0
1692, 0.4465605117747, -0.051092970793813, 0
1693, 0.42798670213776, -0.032331492701337, 0
1694, -0.42118471087103, 0.057905444433204, 0
1695, -0.4465605117747, 0.051092970793813, 0
1696, -0.42798670213776, 0.032331492701337, 0
1697, 0.24545763475885, 0.24412097082425, 0
1698, 0.22684168745053, 0.22410499984389, 0
1699, -0.24545763475885, -0.24412097082425, 0
1700, -0.22684168745053, -0.22410499984389, 0
1701, 0.19837745695039, -0.38324421448475, 0
1702, 0.19535646646622, -0.41677169746936, 0
1703, -0.19837745695039, 0.38324421448475, 0
1704, -0.19535646646622, 0.41677169746936, 0
1705, -0.0048886484214158, -0.24574568741858, 0
1706, -0.029987752191725, -0.22667779325445, 0
1707, -0.03496320846698, -0.25876167503359, 0
1708, 0.0048886484214158, 0.24574568741858, 0
1709, 0.029987752191725, 0.22667779325445, 0
1710, 0.03496320846698, 0.25876167503359, 0
1711, 0.46500535989585, -0.069940210152754, 0
1712, 0.47180735116257, -0.044366258420886, 0
1713, -0.46500535989585, 0.069940210152754, 0
1714, -0.47180735116257, 0.044366258420886, 0
1715, -0.085656778369233, 0.18053381287963, 0
1716, 0.085656778369233, -0.18053381287963, 0
1717, 0.97127577351092, 0.38308515302007, 0
1718, -0.97127577351092, -0.38308515302007, 0
1719, 0.19046046605686, 0.25784793276293, 0
1720, 0.17223461370075, 0.23822266825879, 0
1721, 0.20002772636974, 0.2309055388625, 0
1722, -0.19046046605686, -0.25784793276293, 0
1723, -0.17223461370075, -0.23822266825879, 0
1724, -0.20002772636974, -0.2309055388625, 0
1725, 0.47873612399405, -0.02043481307825, 0
1726, 0.4971809721152, -0.039282052437191, 0
1727, -0.47873612399405, 0.02043481307825, 0
1728, -0.4971809721152, 0.039282052437191, 0
1729, 0.44865664055405, 0.042802726484905, 0
1730, 0.42203613667969, 0.035659318385526, 0
1731, -0.44865664055405, -0.042802726484905, 0
1732, -0.42203613667969, -0.035659318385526, 0
1733, 0.94733543201444, -0.031211764512912, 0
1734, 0.92212527937692, -0.0097452269172327, 0
1735, 0.9236044806408, -0.043353184052877, 0
1736, -0.94733543201444, 0.031211764512912, 0
1737, -0.92212527937692, 0.0097452269172327, 0
1738, -0.9236044806408, 0.043353184052877, 0
1739, 0.4819124732576, -0.18174170182634, 0
1740, 0.4569124733133, -0.18844043160495, 0
1741, -0.4819124732576, 0.18174170182634, 0
1742, -0.4569124733133, 0.18844043160495, 0
1743, -0.51639882332262, -0.18185589941649, 0
1744, -0.54139882325363, -0.18855462918744, 0
1745, 0.51639882332262, 0.18185589941649, 0
1746, 0.54139882325363, 0.18855462918744, 0
1747, 0.74174350690575, 0.3243013378721, 0
1748, 0.72727526599243, 0.34708416169668, 0
1749, 0.71052662833869, 0.32289020798845, 0
1750, -0.74174350690575, -0.3243013378721, 0
1751, -0.72727526599243, -0.34708416169668, 0
1752, -0.71052662833869, -0.32289020798845, 0
1753, 0.70724303088465, -0.47206741737421, 0
1754, 0.67276027226387, -0.47206741737421, 0
1755, -0.70724303088465, 0.47206741737421, 0
1756, -0.67276027226387, 0.47206741737421, 0
1757, 0.40945438630372, -0.013667662870814, 0
1758, -0.40945438630372, 0.013667662870814, 0
1759, 0.7063683517454, -0.06894989874709, 0
1760, 0.71293947140373, -0.041505004404219, 0
1761, -0.7063683517454, 0.06894989874709, 0
1762, -0.71293947140373, 0.041505004404219, 0
1763, 0.048912902194323, 0.16185634773119, 0
1764, 0.060523980867373, 0.18888589464589, 0
1765, -0.048912902194323, -0.16185634773119, 0
1766, -0.060523980867373, -0.18888589464589, 0
1767, 0.74252506903922, 0.1981047851266, 0
1768, 0.75367779636692, 0.17189244282045, 0
1769, -0.74252506903922, -0.1981047851266, 0
1770, -0.75367779636692, -0.17189244282045, 0
1771, 0.48839924791446, -0.15560961343174, 0
1772, 0.49487251180706, -0.13029074898022, 0
1773, 0.47029821040779, -0.13816453920115, 0
1774, -0.48839924791446, 0.15560961343174, 0
1775, -0.49487251180706, 0.13029074898022, 0
1776, -0.47029821040779, 0.13816453920115, 0
1777, 0.50187824493586, -0.10608133336432, 0
1778, 0.50861860742752, -0.081265244879418, 0
1779, 0.48351183679205, -0.08802958626473, 0
1780, -0.50187824493586, 0.10608133336432, 0
1781, -0.50861860742752, 0.081265244879418, 0
1782, -0.48351183679205, 0.08802958626473, 0
1783, 0.45826499740418, -0.094756298637658, 0
1784, -0.45826499740418, 0.094756298637658, 0
1785, 0.69183426941203, -0.12363972801126, 0
1786, 0.69913720195711, -0.096395310242048, 0
1787, 0.67214937840128, -0.10399292928796, 0
1788, -0.69183426941203, 0.12363972801126, 0
1789, -0.69913720195711, 0.096395310242048, 0
1790, -0.67214937840128, 0.10399292928796, 0
1791, 0.41659768193613, 0.11930445151361, 0
1792, 0.41788346650211, 0.14413537710427, 0
1793, 0.39719130994906, 0.12845455992106, 0
1794, -0.41659768193613, -0.11930445151361, 0
1795, -0.41788346650211, -0.14413537710427, 0
1796, -0.39719130994906, -0.12845455992106, 0
1797, -0.49323341529703, -0.17389084223331, 0
1798, -0.50963223861965, -0.15574674164981, 0
1799, 0.49323341529703, 0.17389084223331, 0
1800, 0.50963223861965, 0.15574674164981, 0
1801, 0.48682431203438, 0.0053724248516508, 0
1802, -0.48682431203438, -0.0053724248516508, 0
1803, 0.69443371893031, 0.29926386885267, 0
1804, -0.69443371893031, -0.29926386885267, 0
1805, 0.51997928244253, -0.12352640759491, 0
1806, -0.51997928244253, 0.12352640759491, 0
1807, 0.048915953671979, -0.40741716084718, 0
1808, 0.012795780282543, -0.41619860769518, 0
1809, -0.048915953671979, 0.40741716084718, 0
1810, -0.012795780282543, 0.41619860769518, 0
1811, 0.23548854487884, -0.20921333373881, 0
1812, 0.25958928662898, -0.19201823933783, 0
1813, -0.23548854487884, 0.20921333373881, 0
1814, -0.25958928662898, 0.19201823933783, 0
1815, 0.65334490176929, -0.082418766224706, 0
1816, -0.65334490176929, 0.082418766224706, 0
1817, 0.97127577351092, 0.41641848635349, 0
1818, -0.97127577351092, -0.41641848635349, 0
1819, 0.50648677465687, -0.17386791160541, 0
1820, -0.50648677465687, 0.17386791160541, 0
1821, 0.46947154665042, 0.4775431298908, 0
1822, 0.47029841989713, 0.44371155280598, 0
1823, -0.46947154665042, -0.4775431298908, 0
1824, -0.47029841989713, -0.44371155280598, 0
1825, 0.50484800707678, 0.13054459546399, 0
1826, 0.52801341510237, 0.13850965264717, 0
1827, -0.50484800707678, -0.13054459546399, 0
1828, -0.52801341510237, -0.13850965264717, 0
1829, 0.48018723782039, 0.12431062963535, 0
1830, 0.49856841430311, 0.10707354063271, 0
1831, -0.48018723782039, -0.12431062963535, 0
1832, -0.49856841430311, -0.10707354063271, 0
1833, 0.78922506536756, 0.093566007129997, 0
1834, 0.77159879594962, 0.068337363134319, 0
1835, 0.79910449613952, 0.065722318758703, 0
1836, -0.78922506536756, -0.093566007129997, 0
1837, -0.77159879594962, -0.068337363134319, 0
1838, -0.79910449613952, -0.065722318758703, 0
1839, 0.76455599618944, 0.14492487987129, 0
1840, 0.77723416717813, 0.11868511735652, 0
1841, -0.76455599618944, -0.14492487987129, 0
1842, -0.77723416717813, -0.11868511735652, 0
1843, 0.020007808928667, -0.26733221154152, 0
1844, -0.020007808928667, 0.26733221154152, 0
1845, 0.28889253204202, -0.25612356801005, 0
1846, 0.28639273016689, -0.22928946232509, 0
1847, 0.26265819804558, -0.24893561965468, 0
1848, -0.28889253204202, 0.25612356801005, 0
1849, -0.28639273016689, 0.22928946232509, 0
1850, -0.26265819804558, 0.24893561965468, 0
1851, 0.46187833454162, 0.14138347658173, 0
1852, 0.45559874176795, 0.11791242175045, 0
1853, -0.46187833454162, -0.14138347658173, 0
1854, -0.45559874176795, -0.11791242175045, 0
1855, 0.45142323561265, -0.12130265052542, 0
1856, 0.44494997172005, -0.14662151497694, 0
1857, -0.45142323561265, 0.12130265052542, 0
1858, -0.44494997172005, 0.14662151497694, 0
1859, 0.610726348852, -0.44506862202052, 0
1860, -0.610726348852, 0.44506862202052, 0
1861, 0.67774392570745, -0.17697325093915, 0
1862, 0.68472552585607, -0.15082544882344, 0
1863, 0.65786484570757, -0.15738514917287, 0
1864, -0.67774392570745, 0.17697325093915, 0
1865, -0.68472552585607, 0.15082544882344, 0
1866, -0.65786484570757, 0.15738514917287, 0
1867, -0.14244851756124, -0.24362197025185, 0
1868, -0.15201577787412, -0.21667957635142, 0
1869, 0.14244851756124, 0.24362197025185, 0
1870, 0.15201577787412, 0.21667957635142, 0
1871, 0.43291675871644, -0.10321327441344, 0
1872, -0.43291675871644, 0.10321327441344, 0
1873, 0.69678579477312, 0.0061232020086048, 0
1874, 0.67671926153577, 0.025050446493507, 0
1875, -0.69678579477312, -0.0061232020086048, 0
1876, -0.67671926153577, -0.025050446493507, 0
1877, 0.40324031619533, 0.054126816754362, 0
1878, 0.41183996368455, 0.081566815251175, 0
1879, 0.38730587789386, 0.076183635833583, 0
1880, -0.40324031619533, -0.054126816754362, 0
1881, -0.41183996368455, -0.081566815251175, 0
1882, -0.38730587789386, -0.076183635833583, 0
1883, 0.24225472644169, 0.17149390391356, 0
1884, -0.24225472644169, -0.17149390391356, 0
1885, 0.38839745966707, -0.25669872975919, 0
1886, -0.38839745966707, 0.25669872975919, 0
1887, -0.38066685714841, -0.28233045434479, 0
1888, -0.38736558692075, -0.25733045441136, 0
1889, 0.38066685714841, 0.28233045434479, 0
1890, 0.38736558692075, 0.25733045441136, 0
1891, -0.36922924690993, -0.095851091194022, 0
1892, -0.37516067207702, -0.11698365185851, 0
1893, -0.34848439360386, -0.10921110872214, 0
1894, 0.36922924690993, 0.095851091194022, 0
1895, 0.37516067207702, 0.11698365185851, 0
1896, 0.34848439360386, 0.10921110872214, 0
1897, 0.49188512832028, 0.081860095160061, 0
1898, -0.49188512832028, -0.081860095160061, 0
1899, 0.13414460170084, 0.27251441258309, 0
1900, -0.13414460170084, -0.27251441258309, 0
1901, 0.4145380055472, -0.083374421265565, 0
1902, 0.39596419591025, -0.064612943173088, 0
1903, -0.4145380055472, 0.083374421265565, 0
1904, -0.39596419591025, 0.064612943173088, 0
1905, -0.082842442285745, -0.36839342948273, 0
1906, -0.051915894713658, -0.37183930465671, 0
1907, -0.058951634237447, -0.34268008877541, 0
1908, 0.082842442285746, 0.36839342948273, 0
1909, 0.051915894713658, 0.37183930465671, 0
1910, 0.058951634237447, 0.34268008877541, 0
1911, 0.51455095065687, -0.057705835152435, 0
1912, 0.52147972348836, -0.033774389809798, 0
1913, -0.51455095065687, 0.057705835152435, 0
1914, -0.52147972348836, 0.033774389809798, 0
1915, 0.86064002263899, 0.11339660429003, 0
1916, 0.82904438589267, 0.11260744613036, 0
1917, -0.86064002263899, -0.11339660429003, 0
1918, -0.82904438589267, -0.11260744613036, 0
1919, 0.53840443905341, -0.14222815290052, 0
1920, 0.54541017218221, -0.11801873728461, 0
1921, -0.53840443905341, 0.14222815290052, 0
1922, -0.54541017218221, 0.11801873728461, 0
1923, 0.32324564501641, -0.058660400315812, 0
1924, 0.33372551289503, -0.033347101976749, 0
1925, 0.30578391249937, -0.039165521986915, 0
1926, -0.32324564501641, 0.058660400315812, 0
1927, -0.33372551289503, 0.033347101976749, 0
1928, -0.30578391249937, 0.039165521986915, 0
1929, -0.20861583509442, -0.20447973533974, 0
1930, 0.20861583509442, 0.20447973533974, 0
1931, 0.397502050889, 0.030276138967935, 0
1932, -0.397502050889, -0.030276138967935, 0
1933, 0.30951648772526, -0.18975108783227, 0
1934, 0.30121797660527, -0.21397452274245, 0
1935, -0.30951648772526, 0.18975108783227, 0
1936, -0.30121797660527, 0.21397452274245, 0
1937, -0.40787950534488, -0.22457771170667, 0
1938, 0.40787950534488, 0.22457771170667, 0
1939, -0.29759272311439, -0.23259838096777, 0
1940, -0.30439985139269, -0.20629982397735, 0
1941, 0.29759272311439, 0.23259838096777, 0
1942, 0.30439985139269, 0.20629982397735, 0
1943, 0.28954391865929, -0.28840244496541, 0
1944, -0.28954391865929, 0.28840244496541, 0
1945, 0.35838585879978, -0.027208210724558, 0
1946, 0.34092412628274, -0.0077133323956621, 0
1947, -0.35838585879978, 0.027208210724558, 0
1948, -0.34092412628274, 0.0077133323956621, 0
1949, 0.23748208706898, -0.23867286003435, 0
1950, 0.21281223577737, -0.22578467980344, 0
1951, -0.23748208706898, 0.23867286003435, 0
1952, -0.21281223577737, 0.22578467980344, 0
1953, 0.37025236799924, -0.071461950155547, 0
1954, 0.34445876965893, -0.078838661482466, 0
1955, -0.37025236799924, 0.071461950155547, 0
1956, -0.34445876965893, 0.078838661482466, 0
1957, 0.72605324275614, -0.088596697470388, 0
1958, -0.72605324275614, 0.088596697470388, 0
1959, 0.62271817132618, -0.41923859813199, 0
1960, 0.6486247245406, -0.41889235669301, 0
1961, -0.62271817132618, 0.41923859813199, 0
1962, -0.6486247245406, 0.41889235669301, 0
1963, 0.33590141578405, 0.26955687036871, 0
1964, 0.3164964363541, 0.25096922785077, 0
1965, 0.34192873486687, 0.24607326617163, 0
1966, -0.33590141578405, -0.26955687036871, 0
1967, -0.3164964363541, -0.25096922785077, 0
1968, -0.34192873486687, -0.24607326617163, 0
1969, -0.57499999984839, -0.2066987297235, 0
1970, 0.57499999984839, 0.2066987297235, 0
1971, 0.97440731663916, -0.082409860824834, 0
1972, -0.97440731663916, 0.082409860824834, 0
1973, 0.58976512880965, -0.22091289107474, 0
1974, -0.58976512880965, 0.22091289107474, 0
1975, 0.79155050265597, -0.32804106046159, 0
1976, 0.76164599595086, -0.33629797322935, 0
1977, 0.78156149934139, -0.35811691243923, 0
1978, -0.79155050265597, 0.32804106046159, 0
1979, -0.76164599595086, 0.33629797322935, 0
1980, -0.78156149934139, 0.35811691243923, 0
1981, 0.97440731663916, -0.049076527491593, 0
1982, -0.97440731663916, 0.049076527491593, 0
1983, 0.55213948530837, -0.094267752696164, 0
1984, -0.55213948530837, 0.094267752696164, 0
1985, 0.31651716926327, -0.084657081492633, 0
1986, 0.29084205013101, -0.089984652562548, 0
1987, 0.31205517477354, -0.1101629137292, 0
1988, -0.31651716926327, 0.084657081492633, 0
1989, -0.29084205013101, 0.089984652562548, 0
1990, -0.31205517477354, 0.1101629137292, 0
1991, -0.87666326478064, -0.46827111333107, 0
1992, -0.91114602340123, -0.46827111333107, 0
1993, 0.87666326478064, 0.46827111333107, 0
1994, 0.91114602340123, 0.46827111333107, 0
1995, 0.65887620749313, 0.15951807917122, 0
1996, -0.65887620749313, -0.15951807917122, 0
1997, -0.80127516105599, -0.32073672390614, 0
1998, -0.81486201366226, -0.29631277515481, 0
1999, 0.80127516105599, 0.32073672390614, 0
2000, 0.81486201366226, 0.29631277515481, 0
2001, 0.36062959942071, 0.068411092697209, 0
2002, -0.36062959942071, -0.068411092697209, 0
2003, 0.70284975638861, 0.22634846070513, 0
2004, -0.70284975638861, -0.22634846070513, 0
2005, 0.32275143862428, 0.10806193832191, 0
2006, -0.32275143862428, -0.10806193832191, 0
2007, 0.39094117178042, 0.0051170997278138, 0
2008, 0.38409768671078, -0.0203592037421, 0
2009, -0.39094117178042, -0.0051170997278138, 0
2010, -0.38409768671078, 0.0203592037421, 0
2011, 0.53291735880068, -0.075757582252026, 0
2012, -0.53291735880068, 0.075757582252026, 0
2013, 0.71171334941191, -0.14322782977753, 0
2014, -0.71171334941191, 0.14322782977753, 0
2015, 0.72316143297299, -0.43946894377047, 0
2016, 0.70032834829772, -0.42069870802459, 0
2017, -0.72316143297299, 0.43946894377047, 0
2018, -0.70032834829772, 0.42069870802459, 0
2019, 0.37689907332308, -0.045992973323186, 0
2020, -0.37689907332308, 0.045992973323186, 0
2021, 0.23998188894411, -0.2655069657193, 0
2022, -0.23998188894411, 0.2655069657193, 0
2023, -0.60944030076346, -0.47359655223117, 0
2024, -0.64392305938405, -0.47359655223117, 0
2025, 0.60944030076346, 0.47359655223117, 0
2026, 0.64392305938405, 0.47359655223117, 0
2027, 0.62190548137122, -0.18767936666935, 0
2028, 0.63229703101723, -0.16198841476409, 0
2029, -0.62190548137122, 0.18767936666935, 0
2030, -0.63229703101723, 0.16198841476409, 0
2031, 0.15471391998288, 0.29377783323149, 0
2032, 0.12619116829585, 0.30112718365536, 0
2033, -0.15471391998288, -0.29377783323149, 0
2034, -0.12619116829585, -0.30112718365536, 0
2035, 0.86072539593331, -0.079378332071991, 0
2036, 0.85200708428176, -0.10940583333022, 0
2037, -0.86072539593331, 0.079378332071991, 0
2038, -0.85200708428176, 0.10940583333022, 0
2039, 0.25452986187169, -0.47249889556265, 0
2040, -0.25452986187169, 0.47249889556265, 0
2041, 0.74131611734276, -0.030577837534679, 0
2042, 0.72097119620205, -0.010931555963468, 0
2043, -0.74131611734276, 0.030577837534679, 0
2044, -0.72097119620205, 0.010931555963468, 0
2045, 0.80473986736802, 0.11607007298091, 0
2046, -0.80473986736802, -0.11607007298091, 0
2047, 0.78187076935607, 0.16815674615659, 0
2048, -0.78187076935607, -0.16815674615659, 0
2049, -0.29156540403156, -0.25608198516485, 0
2050, 0.29156540403156, 0.25608198516485, 0
2051, 0.4454166152922, 0.15408176685964, 0
2052, -0.4454166152922, -0.15408176685964, 0
2053, -0.37214535129606, -0.023584598096649, 0
2054, 0.37214535129606, 0.023584598096649, 0
2055, 0.73104168603646, 0.22434968450736, 0
2056, 0.75950918653078, 0.22136920848651, 0
2057, -0.73104168603646, -0.22434968450736, 0
2058, -0.75950918653078, -0.22136920848651, 0
2059, 0.97347380056151, -0.38296488059511, 0
2060, 0.97347380056151, -0.41629821392835, 0
2061, -0.97347380056151, 0.38296488059511, 0
2062, -0.97347380056151, 0.41629821392835, 0
2063, 0.59839790147156, 0.17311962153862, 0
2064, 0.61770678233769, 0.1819295439126, 0
2065, -0.59839790147156, -0.17311962153862, 0
2066, -0.61770678233769, -0.1819295439126, 0
2067, 0.12239444413727, -0.35270211957999, 0
2068, 0.097867907227073, -0.33942695423699, 0
2069, 0.10042505086308, -0.37198116472626, 0
2070, -0.12239444413727, 0.35270211957999, 0
2071, -0.097867907227073, 0.33942695423699, 0
2072, -0.10042505086308, 0.37198116472626, 0
2073, 0.55807182853771, -0.070708342969181, 0
2074, -0.55807182853771, 0.070708342969181, 0
2075, 0.72516244071215, 0.017050368878145, 0
2076, -0.72516244071215, -0.017050368878145, 0
2077, 0.76511939525867, -0.23044419639427, 0
2078, 0.79257151930903, -0.22286897554279, 0
2079, 0.7721423245711, -0.20257922054586, 0
2080, -0.76511939525867, 0.23044419639427, 0
2081, -0.79257151930903, 0.22286897554279, 0
2082, -0.7721423245711, 0.20257922054586, 0
2083, 0.38839745962156, -0.34330127007402, 0
2084, -0.38839745962156, 0.34330127007402, 0
2085, 0.37122817973739, -0.47480618905124, 0
2086, -0.37122817973739, 0.47480618905124, 0
2087, 0.15860401030541, -0.47211828821332, 0
2088, -0.15860401030541, 0.47211828821332, 0
2089, 0.71731772021909, -0.21821546386611, 0
2090, 0.73696551195374, -0.23740697777003, 0
2091, -0.71731772021909, 0.21821546386611, 0
2092, -0.73696551195374, 0.23740697777003, 0
2093, 0.92278746729726, 0.28328888588981, 0
2094, -0.92278746729726, -0.28328888588981, 0
2095, 0.75375026045099, -0.080877915248503, 0
2096, 0.78189189068127, -0.07384568077393, 0
2097, 0.76142602277471, -0.054119051500858, 0
2098, -0.75375026045099, 0.080877915248503, 0
2099, -0.78189189068127, 0.07384568077393, 0
2100, -0.76142602277471, 0.054119051500858, 0
2101, 0.74651911066271, -0.10832332674346, 0
2102, -0.74651911066271, 0.10832332674346, 0
2103, 0.24506050382486, -0.35208922488946, 0
2104, 0.26963459938239, -0.36461310041329, 0
2105, -0.24506050382486, 0.35208922488946, 0
2106, -0.26963459938239, 0.36461310041329, 0
2107, 0.11831933419371, 0.33081240895259, 0
2108, 0.097750015911669, 0.3095489883042, 0
2109, -0.11831933419371, -0.33081240895259, 0
2110, -0.097750015911669, -0.3095489883042, 0
2111, 0.76945774757304, -0.023545603060107, 0
2112, -0.76945774757304, 0.023545603060107, 0
2113, 0.21098256865144, 0.27832194728576, 0
2114, 0.18318945598245, 0.28563907668204, 0
2115, -0.21098256865144, -0.27832194728576, 0
2116, -0.18318945598245, -0.28563907668204, 0
2117, 0.1964767498525, -0.32897026685936, 0
2118, 0.19716013759201, -0.35796730321483, 0
2119, 0.22053836185686, -0.34021256638013, 0
2120, -0.1964767498525, 0.32897026685936, 0
2121, -0.19716013759201, 0.35796730321483, 0
2122, -0.22053836185686, 0.34021256638013, 0
2123, 0.67041424273819, -0.20490471881173, 0
2124, 0.6972749228867, -0.19834501846231, 0
2125, -0.67041424273819, 0.20490471881173, 0
2126, -0.6972749228867, 0.19834501846231, 0
2127, 0.81050683779085, -0.066572409333272, 0
2128, 0.83953211970587, -0.053922551518041, 0
2129, 0.81859293492, -0.034436959211054, 0
2130, -0.81050683779085, 0.066572409333272, 0
2131, -0.83953211970587, 0.053922551518041, 0
2132, -0.81859293492, 0.034436959211054, 0
2133, 0.81176049309734, 0.16264782879361, 0
2134, 0.80088229327482, 0.18961539174277, 0
2135, -0.81176049309734, -0.16264782879361, 0
2136, -0.80088229327482, -0.18961539174277, 0
2137, 0.48970074535796, 0.044488036156953, 0
2138, 0.49488495892176, 0.024518609949376, 0
2139, 0.51504682515764, 0.042911189308473, 0
2140, -0.48970074535796, -0.044488036156953, 0
2141, -0.49488495892176, -0.024518609949376, 0
2142, -0.51504682515764, -0.042911189308473, 0
2143, 0.38966861540025, -0.4463784708962, 0
2144, -0.38966861540025, 0.4463784708962, 0
2145, 0.8941995486466, -0.047292654480461, 0
2146, -0.8941995486466, 0.047292654480461, 0
2147, 0.21729798766356, 0.37611484622515, 0
2148, 0.21285163276438, 0.39935810199285, 0
2149, 0.18633427169672, 0.38231450688143, 0
2150, -0.21729798766356, -0.37611484622515, 0
2151, -0.21285163276438, -0.39935810199285, 0
2152, -0.18633427169672, -0.38231450688143, 0
2153, -0.35536717951672, -0.29065811148821, 0
2154, 0.35536717951672, 0.29065811148821, 0
2155, 0.17226299565153, -0.31767496977272, 0
2156, 0.14563238310834, -0.30438642247105, 0
2157, 0.14646791304446, -0.33343645639239, 0
2158, -0.17226299565153, 0.31767496977272, 0
2159, -0.14563238310834, 0.30438642247105, 0
2160, -0.14646791304446, 0.33343645639239, 0
2161, 0.18755334812002, -0.15533263977404, 0
2162, -0.18755334812002, 0.15533263977404, 0
2163, 0.61228970924799, -0.24340530906012, 0
2164, 0.61545229762184, -0.21431820003552, 0
2165, -0.61228970924799, 0.24340530906012, 0
2166, -0.61545229762184, 0.21431820003552, 0
2167, 0.72464740318835, -0.19028399599353, 0
2168, -0.72464740318835, 0.19028399599353, 0
2169, 0.80283107546714, -0.093331273080917, 0
2170, -0.80283107546714, 0.093331273080917, 0
2171, 0.61830127016576, -0.31830127021482, 0
2172, -0.61830127016576, 0.31830127021482, 0
2173, 0.86881149306247, -0.047242881949773, 0
2174, -0.86881149306247, 0.047242881949773, 0
2175, 0.92656478233964, -0.19352686030566, 0
2176, 0.94848261743112, -0.1671814514754, 0
2177, -0.92656478233964, 0.19352686030566, 0
2178, -0.94848261743112, 0.1671814514754, 0
2179, 0.32993488100395, 0.29555407316735, 0
2180, -0.32993488100395, -0.29555407316735, 0
2181, -0.13938924791133, -0.35225969219923, 0
2182, -0.11094809552716, -0.36068149684806, 0
2183, 0.13938924791133, 0.35225969219923, 0
2184, 0.11094809552716, 0.36068149684807, 0
2185, 0.65827045775647, 0.039553503295547, 0
2186, -0.65827045775647, -0.039553503295547, 0
2187, 0.17523602257746, 0.31425184775431, 0
2188, -0.17523602257746, -0.31425184775431, 0
2189, 0.64443006180956, -0.21017178465474, 0
2190, -0.64443006180956, 0.21017178465474, 0
2191, -0.26508677695013, -0.26293096758544, 0
2192, -0.23788272091713, -0.26934080012784, 0
2193, 0.26508677695013, 0.26293096758544, 0
2194, 0.23788272091713, 0.26934080012784, 0
2195, 0.074913921996976, -0.39361561957523, 0
2196, -0.074913921996976, 0.39361561957523, 0
2197, 0.21733037604243, -0.28322986806182, 0
2198, 0.19311662184146, -0.27193457097518, 0
2199, 0.19564121991638, -0.29992023293803, 0
2200, -0.21733037604243, 0.28322986806182, 0
2201, -0.19311662184146, 0.27193457097518, 0
2202, -0.19564121991638, 0.29992023293803, 0
2203, 0.75739470669167, -0.25769673276697, 0
2204, -0.75739470669167, 0.25769673276697, 0
2205, 0.92248485526446, 0.31664374394776, 0
2206, -0.92248485526446, -0.31664374394776, 0
2207, -0.64737350068162, -0.42028286803987, 0
2208, -0.61816715618998, -0.4218734155127, 0
2209, 0.64737350068162, 0.42028286803987, 0
2210, 0.61816715618998, 0.4218734155127, 0
2211, 0.7504379113261, -0.28544081769722, 0
2212, 0.77859179463102, -0.27847803632146, 0
2213, -0.7504379113261, 0.28544081769722, 0
2214, -0.77859179463102, 0.27847803632146, 0
2215, 0.040637378617465, -0.284756191383, 0
2216, -0.040637378617465, 0.284756191383, 0
2217, 0.81974449040198, -0.32151012142435, 0
2218, 0.8406870708468, -0.34337685220418, 0
2219, 0.84896555520227, -0.31502697395707, 0
2220, -0.81974449040198, 0.32151012142435, 0
2221, -0.8406870708468, 0.34337685220418, 0
2222, -0.84896555520227, 0.31502697395707, 0
2223, 0.24250648701903, -0.29349262768215, 0
2224, -0.24250648701903, 0.29349262768215, 0
2225, 0.71983387388016, 0.24961288406504, 0
2226, -0.71983387388016, -0.24961288406504, 0
2227, 0.23061171084272, 0.29713194404695, 0
2228, 0.25301345411294, 0.31233312452457, 0
2229, 0.22611330184726, 0.3213142716825, 0
2230, -0.23061171084272, -0.29713194404695, 0
2231, -0.25301345411294, -0.31233312452457, 0
2232, -0.22611330184726, -0.3213142716825, 0
2233, -0.28399049018984, -0.28130181446843, 0
2234, 0.28399049018984, 0.28130181446843, 0
2235, 0.79982898701145, -0.29969118221448, 0
2236, -0.79982898701145, 0.29969118221448, 0
2237, 0.80678578237703, -0.27194709728423, 0
2238, -0.80678578237703, 0.27194709728423, 0
2239, 0.73202155798634, -0.16287044544633, 0
2240, 0.7391303015423, -0.13568472463414, 0
2241, -0.73202155798634, 0.16287044544633, 0
2242, -0.7391303015423, 0.13568472463414, 0
2243, 0.94209264880757, -0.36550590126519, 0
2244, -0.94209264880757, 0.36550590126519, 0
2245, 0.73651033639002, 0.27386074601557, 0
2246, 0.70831840674216, 0.27585952221334, 0
2247, -0.73651033639002, -0.27386074601557, 0
2248, -0.70831840674216, -0.27585952221334, 0
2249, -0.85762573896594, -0.44083728838238, 0
2250, 0.85762573896594, 0.44083728838238, 0
2251, 0.58479968302914, 0.18642588030463, 0
2252, 0.58319758466592, 0.15954550193815, 0
2253, -0.58479968302914, -0.18642588030463, 0
2254, -0.58319758466592, -0.15954550193815, 0
2255, 0.67569080682696, -0.41834039732072, 0
2256, 0.66328204844923, -0.44468679412072, 0
2257, -0.67569080682696, 0.41834039732072, 0
2258, -0.66328204844923, 0.44468679412072, 0
2259, 0.8719525624236, -0.41367297558057, 0
2260, 0.83698455788438, -0.41721004826929, 0
2261, -0.8719525624236, 0.41367297558057, 0
2262, -0.83698455788438, 0.41721004826929, 0
2263, 0.63927863116586, -0.13584061264838, 0
2264, 0.6460419692242, -0.10966318399392, 0
2265, -0.63927863116586, 0.13584061264838, 0
2266, -0.6460419692242, 0.10966318399392, 0
2267, 0.14902505668047, -0.36599066688166, 0
2268, -0.14902505668047, 0.36599066688166, 0
2269, 0.29312401848755, -0.34706510237584, 0
2270, 0.29385935981659, -0.37670935574581, 0
2271, -0.29312401848755, 0.34706510237584, 0
2272, -0.29385935981659, 0.37670935574581, 0
2273, 0.63464586283438, -0.30768420677626, 0
2274, -0.63464586283438, 0.30768420677626, 0
2275, -0.77100132805599, -0.32190350709207, 0
2276, -0.78876597755948, -0.3473285083944, 0
2277, 0.77100132805599, 0.32190350709207, 0
2278, 0.78876597755948, 0.3473285083944, 0
2279, 0.34776862656829, 0.017901280606381, 0
2280, 0.32310828066355, 0.01176238935419, 0
2281, -0.34776862656829, -0.017901280606381, 0
2282, -0.32310828066355, -0.01176238935419, 0
2283, 0.75425269040226, 0.29770955338384, 0
2284, -0.75425269040226, -0.29770955338384, 0
2285, 0.61634459266862, -0.28938293656143, 0
2286, -0.61634459266862, 0.28938293656143, 0
2287, 0.4396439468583, -0.17516140376021, 0
2288, -0.4396439468583, 0.17516140376021, 0
2289, -0.33625287469293, -0.062727775206941, 0
2290, -0.35432950567687, -0.043060319846502, 0
2291, 0.33625287469293, 0.062727775206941, 0
2292, 0.35432950567687, 0.043060319846502, 0
2293, -0.79664652384449, -0.26892563212813, 0
2294, 0.79664652384449, 0.26892563212813, 0
2295, -0.032750565360443, -0.44977805626206, 0
2296, -0.050836436303227, -0.47673398953047, 0
2297, 0.032750565360443, 0.44977805626206, 0
2298, 0.050836436303227, 0.47673398953047, 0
2299, 0.97735013089053, -0.21718145147526, 0
2300, 0.9516230223322, -0.23202848346132, 0
2301, -0.97735013089053, 0.21718145147526, 0
2302, -0.9516230223322, 0.23202848346132, 0
2303, 0.76576815754026, 0.27146291523554, 0
2304, -0.76576815754026, -0.27146291523554, 0
2305, 0.97735013089053, -0.18384811814202, 0
2306, -0.97735013089053, 0.18384811814202, 0
2307, -0.070343492296273, -0.21616740225579, 0
2308, -0.10142717704493, -0.20735995099331, 0
2309, 0.070343492296273, 0.21616740225579, 0
2310, 0.10142717704493, 0.20735995099331, 0
2311, 0.77951647936909, -0.17516566999866, 0
2312, 0.75206435531874, -0.18274089085013, 0
2313, -0.77951647936909, 0.17516566999866, 0
2314, -0.75206435531874, 0.18274089085013, 0
2315, 0.37035258575537, -0.4200521346432, 0
2316, -0.37035258575537, 0.4200521346432, 0
2317, 0.76682731923714, -0.12796594241225, 0
2318, -0.76682731923714, 0.12796594241225, 0
2319, 0.012056339821149, 0.42399618828113, 0
2320, 0.046495888443789, 0.42768611108001, 0
2321, -0.012056339821149, -0.42399618828113, 0
2322, -0.046495888443789, -0.42768611108001, 0
2323, -0.21927971461732, 0.044034453527077, 0
2324, -0.24262304464365, 0.024155016776986, 0
2325, 0.21927971461732, -0.044034453527077, 0
2326, 0.24262304464365, -0.024155016776986, 0
2327, -0.23346259092394, 0.070832831392237, 0
2328, 0.23346259092394, -0.070832831392237, 0
2329, 0.8180718352971, -0.24068094584811, 0
2330, 0.82509476460953, -0.2128159699997, 0
2331, -0.8180718352971, 0.24068094584811, 0
2332, -0.82509476460953, 0.2128159699997, 0
2333, 0.82310648979325, -0.11367259006086, 0
2334, 0.84366755149829, -0.13702042175082, 0
2335, -0.82310648979325, 0.11367259006086, 0
2336, -0.84366755149829, 0.13702042175082, 0
2337, 0.72209324021746, -0.35741452953492, 0
2338, 0.73798603533106, -0.3397903689278, 0
2339, 0.70842228291226, -0.33083107325573, 0
2340, -0.72209324021746, 0.35741452953492, 0
2341, -0.73798603533106, 0.3397903689278, 0
2342, -0.70842228291226, 0.33083107325573, 0
2343, -0.66269028727881, -0.44625821735673, 0
2344, 0.66269028727881, 0.44625821735673, 0
2345, 0.79038755283501, 0.2188319253791, 0
2346, -0.79038755283501, -0.2188319253791, 0
2347, 0.75166588754578, 0.076078198895837, 0
2348, -0.75166588754578, -0.076078198895837, 0
2349, -0.29092736696624, -0.42503581697262, 0
2350, 0.29092736696624, 0.42503581697262, 0
2351, -0.18755535532643, 0.12603096752624, 0
2352, -0.2165731884439, 0.11735916385713, 0
2353, 0.18755535532643, -0.12603096752624, 0
2354, 0.2165731884439, -0.11735916385713, 0
2355, 0.83930902767753, -0.26189409174113, 0
2356, -0.83930902767753, 0.26189409174113, 0
2357, 0.17998699806884, -0.44025057256572, 0
2358, -0.17998699806884, 0.44025057256572, 0
2359, 0.97606433995752, -0.47601559914214, 0
2360, 0.94158158133673, -0.47601559914214, 0
2361, -0.97606433995752, 0.47601559914214, 0
2362, -0.94158158133673, 0.47601559914214, 0
2363, 0.77890416983225, 0.24507682475986, 0
2364, -0.77890416983225, -0.24507682475986, 0
2365, -0.11981222856515, -0.47218986332159, 0
2366, 0.11981222856515, 0.47218986332159, 0
2367, 0.97606433995752, -0.4426822658089, 0
2368, -0.97606433995752, 0.4426822658089, 0
2369, 0.70104285157637, -0.29952699260119, 0
2370, 0.7267779507063, -0.28893321339566, 0
2371, -0.70104285157637, 0.29952699260119, 0
2372, -0.7267779507063, 0.28893321339566, 0
2373, 0.64699373047998, 0.18538233189733, 0
2374, -0.64699373047998, -0.18538233189733, 0
2375, -0.16877055658689, -0.34073092770874, 0
2376, -0.16139931792034, -0.37060001560422, 0
2377, 0.16877055658689, 0.34073092770874, 0
2378, 0.16139931792034, 0.37060001560422, 0
2379, -0.020211644689744, -0.16756538282482, 0
2380, -0.020168240762825, -0.19939628564454, 0
2381, 0.020211644689744, 0.16756538282482, 0
2382, 0.020168240762825, 0.19939628564454, 0
2383, 0.19145501262541, -0.24354039644745, 0
2384, 0.16976585649936, -0.26023076132366, 0
2385, -0.19145501262541, 0.24354039644745, 0
2386, -0.16976585649936, 0.26023076132366, 0
2387, 0.27498364260883, -0.20678657438708, 0
2388, -0.27498364260883, 0.20678657438708, 0
2389, 0.15350654011625, -0.27491179796466, 0
2390, 0.12771145750917, -0.29067328458432, 0
2391, -0.15350654011625, 0.27491179796466, 0
2392, -0.12771145750917, 0.29067328458432, 0
2393, 0.74548012602749, 0.027985478596066, 0
2394, -0.74548012602749, -0.027985478596066, 0
2395, -0.40881695413922, -0.37515178783621, 0
2396, 0.40881695413922, 0.37515178783621, 0
2397, 0.85770383082822, -0.28625490519525, 0
2398, -0.85770383082822, 0.28625490519525, 0
2399, 0.05330225328652, -0.31191263740703, 0
2400, 0.062544597223059, -0.28399129990934, 0
2401, -0.05330225328652, 0.31191263740703, 0
2402, -0.062544597223059, 0.28399129990934, 0
2403, -0.19724609258647, -0.3325921711593, 0
2404, 0.19724609258647, 0.3325921711593, 0
2405, 0.19120471451835, 0.18482512055354, 0
2406, 0.21801867559913, 0.17802458153493, 0
2407, -0.19120471451835, -0.18482512055354, 0
2408, -0.21801867559913, -0.17802458153493, 0
2409, -0.21964783585668, -0.34779335163693, 0
2410, 0.21964783585668, 0.34779335163693, 0
2411, 0.78710273356326, -0.14830725939219, 0
2412, 0.79449154268367, -0.12094586150151, 0
2413, -0.78710273356326, 0.14830725939219, 0
2414, -0.79449154268367, 0.12094586150151, 0
2415, 0.81948692029394, 0.019432559146962, 0
2416, 0.8254482181824, -0.01052124208333, 0
2417, -0.81948692029394, -0.019432559146962, 0
2418, -0.8254482181824, 0.01052124208333, 0
2419, 0.074284244447033, 0.31789183586321, 0
2420, -0.074284244447033, -0.31789183586321, 0
2421, 0.60964586288652, -0.2643829366111, 0
2422, -0.60964586288652, 0.2643829366111, 0
2423, 0.80718070281562, -0.16814558908792, 0
2424, -0.80718070281562, 0.16814558908792, 0
2425, 0.76541303443133, 0.020244642834549, 0
2426, 0.76154531831774, 0.048234510524543, 0
2427, -0.76541303443133, -0.020244642834549, 0
2428, -0.76154531831774, -0.048234510524543, 0
2429, 0.5077027898959, -0.44709196483619, 0
2430, 0.49770026374443, -0.47313793097897, 0
2431, -0.5077027898959, 0.44709196483619, 0
2432, -0.49770026374443, 0.47313793097897, 0
2433, -0.50395430527101, -0.4775431298908, 0
2434, -0.5138279147764, -0.45127387349026, 0
2435, 0.50395430527101, 0.4775431298908, 0
2436, 0.5138279147764, 0.45127387349026, 0
2437, 0.74797503864565, -0.30971451695016, 0
2438, -0.74797503864565, 0.30971451695016, 0
2439, -0.94087110021833, -0.475673234867, 0
2440, -0.97535385883892, -0.475673234867, 0
2441, 0.94087110021833, 0.475673234867, 0
2442, 0.97535385883892, 0.475673234867, 0
2443, 0.085329804320556, -0.29267451485076, 0
2444, -0.085329804320556, 0.29267451485076, 0
2445, -0.51849429916123, -0.42373074359946, 0
2446, 0.51849429916123, 0.42373074359946, 0
2447, 0.51862321580598, -0.42395403385722, 0
2448, -0.51862321580598, 0.42395403385722, 0
2449, -0.47677169604762, -0.18658913251122, 0
2450, 0.47677169604762, 0.18658913251122, 0
2451, -0.97535385883892, -0.44233990153358, 0
2452, 0.97535385883892, 0.44233990153358, 0
2453, 0.18687937633054, 0.096768792234199, 0
2454, 0.17841642731235, 0.064451739474694, 0
2455, -0.18687937633054, -0.096768792234199, 0
2456, -0.17841642731235, -0.064451739474694, 0
2457, 0.52259039324623, -0.1878015390741, 0
2458, -0.52259039324623, 0.1878015390741, 0
2459, 0.26702862898703, -0.30536928619148, 0
2460, 0.29141454772561, -0.31800200581726, 0
2461, -0.26702862898703, 0.30536928619148, 0
2462, -0.29141454772561, 0.31800200581726, 0
2463, -0.47000511134465, -0.16047997474454, 0
2464, 0.47000511134465, 0.16047997474454, 0
2465, -0.27006662717988, 0.056987236959498, 0
2466, -0.28544820958384, 0.043438453422845, 0
2467, -0.26021079214297, 0.035946870056365, 0
2468, 0.27006662717988, -0.056987236959498, 0
2469, 0.28544820958384, -0.043438453422845, 0
2470, 0.26021079214297, -0.035946870056365, 0
2471, 0.24437711608535, -0.323092188534, 0
2472, -0.24437711608535, 0.323092188534, 0
2473, 0.59412906976072, -0.020030093334563, 0
2474, -0.59412906976072, 0.020030093334563, 0
2475, -0.25457401031898, 0.067750919862922, 0
2476, -0.27981142775985, 0.075242503229402, 0
2477, 0.25457401031898, -0.067750919862922, 0
2478, 0.27981142775985, -0.075242503229402, 0
2479, -0.151071214484, -0.074054156887334, 0
2480, 0.151071214484, 0.074054156887334, 0
2481, 0.5290771679031, -0.16166945067951, 0
2482, -0.5290771679031, 0.16166945067951, 0
2483, -0.26006872041618, -0.42056513177661, 0
2484, 0.26006872041618, 0.42056513177661, 0
2485, -0.47496480428196, -0.41616842291518, 0
2486, -0.44996480433454, -0.40946969313476, 0
2487, 0.47496480428196, 0.41616842291518, 0
2488, 0.44996480433454, 0.40946969313476, 0
2489, 0.83606501162199, 0.15918520194307, 0
2490, 0.86398712328255, 0.14840383881136, 0
2491, -0.83606501162199, -0.15918520194307, 0
2492, -0.86398712328255, -0.14840383881136, 0
2493, -0.74315381087072, -0.42137576491317, 0
2494, 0.74315381087072, 0.42137576491317, 0
2495, -0.085319194923821, -0.47673398953047, 0
2496, 0.085319194923821, 0.47673398953047, 0
2497, 0.51217039183406, 0.0037955780031708, 0
2498, -0.51217039183406, -0.0037955780031708, 0
2499, 0.93072835554845, -0.21779776106789, 0
2500, 0.92765111609959, -0.24879667491277, 0
2501, -0.93072835554845, 0.21779776106789, 0
2502, -0.92765111609959, 0.24879667491277, 0
2503, 0.884783517676, -0.35768370574518, 0
2504, 0.91844829809852, -0.35511120738033, 0
2505, -0.884783517676, 0.35768370574518, 0
2506, -0.91844829809852, 0.35511120738033, 0
2507, -0.60843840418651, -0.44651857876424, 0
2508, 0.60843840418651, 0.44651857876424, 0
2509, 0.31803158445957, 0.080439300533499, 0
2510, 0.31173149071573, 0.055088527682791, 0
2511, -0.31803158445957, -0.080439300533499, 0
2512, -0.31173149071573, -0.055088527682791, 0
2513, -0.026913374784927, -0.37401510352423, 0
2514, -0.00094954280080218, -0.39410666251313, 0
2515, 0.026913374784927, 0.37401510352423, 0
2516, 0.00094954280080225, 0.39410666251313, 0
2517, 0.27081355538389, 0.32429306388005, 0
2518, 0.29975568929325, 0.33109921199502, 0
2519, -0.27081355538389, -0.32429306388005, 0
2520, -0.29975568929325, -0.33109921199502, 0
2521, -0.36403221439772, -0.24385892551314, 0
2522, -0.39006408702166, -0.23652847123493, 0
2523, 0.36403221439772, 0.24385892551314, 0
2524, 0.39006408702166, 0.23652847123493, 0
2525, -0.13481325821937, -0.098385908015963, 0
2526, -0.16084537798204, -0.11134284186432, 0
2527, 0.13481325821937, 0.098385908015963, 0
2528, 0.16084537798204, 0.11134284186432, 0
2529, 0.77631303083543, 0.00037011406761794, 0
2530, 0.79237822312568, 0.020619145996094, 0
2531, -0.77631303083543, -0.00037011406761794, 0
2532, -0.79237822312568, -0.020619145996094, 0
2533, 0.8689898837483, -0.25498875375913, 0
2534, -0.8689898837483, 0.25498875375913, 0
2535, -0.83309327138076, -0.42090117329861, 0
2536, 0.83309327138076, 0.42090117329861, 0
2537, 0.3215249802508, -0.16898047475175, 0
2538, -0.3215249802508, 0.16898047475175, 0
2539, 0.11737709568071, 0.1925517946291, 0
2540, 0.13335693573496, 0.16984403536516, 0
2541, 0.13820952178886, 0.19937111908055, 0
2542, -0.11737709568071, -0.1925517946291, 0
2543, -0.13335693573496, -0.16984403536516, 0
2544, -0.13820952178886, -0.19937111908055, 0
2545, 0.55541293999269, 0.016903749828099, 0
2546, 0.57523816374996, -0.00073424457684682, 0
2547, -0.55541293999269, -0.016903749828099, 0
2548, -0.57523816374996, 0.00073424457684682, 0
2549, 0.48812929752849, 0.063745762168353, 0
2550, 0.46796743129261, 0.045353182809256, 0
2551, -0.48812929752849, -0.063745762168353, 0
2552, -0.46796743129261, -0.045353182809256, 0
2553, 0.67775725642046, 0.27501600690214, 0
2554, -0.67775725642046, -0.27501600690214, 0
2555, 0.81705348770324, 0.13772655635688, 0
2556, -0.81705348770324, -0.13772655635688, 0
2557, 0.10764371862513, -0.29717459642943, 0
2558, 0.11551787563304, -0.26769997192304, 0
2559, -0.10764371862513, 0.29717459642943, 0
2560, -0.11551787563304, 0.26769997192304, 0
2561, -0.49533361561517, -0.4275431298908, 0
2562, 0.49533361561517, 0.4275431298908, 0
2563, 0.79642293626738, -0.023171099898561, 0
2564, -0.79642293626738, 0.023171099898561, 0
2565, 0.85987946650479, -0.15494652595969, 0
2566, -0.85987946650479, 0.15494652595969, 0
2567, -0.22523238344064, -0.421104527697, 0
2568, -0.1942686674738, -0.42730418835328, 0
2569, 0.22523238344064, 0.421104527697, 0
2570, 0.1942686674738, 0.42730418835328, 0
2571, 0.17431584494604, -0.37200191496398, 0
2572, -0.17431584494604, 0.37200191496398, 0
2573, 0.28842864821756, 0.047077433394394, 0
2574, 0.30664993845092, 0.029365908067835, 0
2575, -0.28842864821756, -0.047077433394393, 0
2576, -0.30664993845092, -0.029365908067835, 0
2577, 0.82339261782211, -0.18607169329678, 0
2578, -0.82339261782211, 0.18607169329678, 0
2579, 0.050804182833225, 0.39972844423156, 0
2580, -0.050804182833225, -0.39972844423156, 0
2581, 0.27531196437936, 0.3001107362445, 0
2582, -0.27531196437936, -0.3001107362445, 0
2583, 0.4164083910776, 0.10065712533972, 0
2584, 0.43710054763065, 0.11633794252293, 0
2585, -0.4164083910776, -0.10065712533972, 0
2586, -0.43710054763065, -0.11633794252293, 0
2587, -0.32125635519346, -0.31436299494341, 0
2588, 0.32125635519346, 0.31436299494341, 0
2589, 0.16799561792838, 0.19397181708748, 0
2590, -0.16799561792838, -0.19397181708748, 0
2591, -0.26188198775051, -0.011270216909241, 0
2592, -0.26439661225832, -0.038861707822049, 0
2593, 0.26188198775051, 0.011270216909241, 0
2594, 0.26439661225832, 0.038861707822049, 0
2595, 0.30179059146079, 0.29326175382391, 0
2596, -0.30179059146079, -0.29326175382391, 0
2597, -0.25193770689079, -0.078739034340051, 0
2598, 0.25193770689079, 0.078739034340051, 0
2599, -0.77463201414619, -0.42135758954562, 0
2600, -0.80669138740709, -0.42051295504653, 0
2601, 0.77463201414619, 0.42135758954562, 0
2602, 0.80669138740709, 0.42051295504653, 0
2603, 0.29451508700434, -0.40860243689, 0
2604, -0.29451508700434, 0.40860243689, 0
2605, 0.89707056810742, -0.2569577598663, 0
2606, -0.89707056810742, 0.2569577598663, 0
2607, 0.29823005464707, 0.10042269079776, 0
2608, -0.29823005464707, -0.10042269079776, 0
2609, -0.83061621971637, -0.37141586085154, 0
2610, 0.83061621971637, 0.37141586085154, 0
2611, 0.68567102438909, -0.39490427059688, 0
2612, -0.68567102438909, 0.39490427059688, 0
2613, 0.15903204903164, 0.42496874464616, 0
2614, -0.15903204903164, -0.42496874464616, 0
2615, 0.80858692388984, 0.039307087913892, 0
2616, -0.80858692388984, -0.039307087913892, 0
2617, 0.83013319514225, -0.37027149709117, 0
2618, 0.85935425994255, -0.36378834962389, 0
2619, -0.83013319514225, 0.37027149709117, 0
2620, -0.85935425994255, 0.36378834962389, 0
2621, -0.80421433574271, -0.37102764259946, 0
2622, -0.77394050274271, -0.37219442578538, 0
2623, 0.80421433574271, 0.37102764259946, 0
2624, 0.77394050274271, 0.37219442578538, 0
2625, 0.28068959701473, 0.11457739770081, 0
2626, -0.28068959701473, -0.11457739770081, 0
2627, 0.81085311526723, -0.42081718625112, 0
2628, -0.81085311526723, 0.42081718625112, 0
2629, -0.050242800808389, -0.21241227325955, 0
2630, 0.050242800808389, 0.21241227325955, 0
2631, 0.29980543816537, 0.0037512950657925, 0
2632, -0.29980543816537, -0.0037512950657925, 0
2633, 0.54488037692363, -0.029145155221183, 0
2634, 0.52751039838196, -0.010721372505939, 0
2635, -0.54488037692363, 0.029145155221183, 0
2636, -0.52751039838196, 0.010721372505939, 0
2637, 0.56980195782799, -0.025387986675039, 0
2638, -0.56980195782799, 0.025387986675039, 0
2639, -0.42711822436602, -0.39345305802981, 0
2640, 0.42711822436602, 0.39345305802981, 0
2641, -0.33493509832185, -0.20295613800377, 0
2642, 0.33493509832185, 0.20295613800377, 0
2643, 0.17739845843309, 0.16751666328267, 0
2644, -0.17739845843309, -0.16751666328267, 0
2645, 0.70141902682925, -0.3728589075818, 0
2646, -0.70141902682925, 0.3728589075818, 0
2647, 0.89738182015705, -0.40756833170186, 0
2648, 0.87422964197146, -0.38457835063218, 0
2649, -0.89738182015705, 0.40756833170186, 0
2650, -0.87422964197146, 0.38457835063218, 0
2651, 0.83097887201628, -0.15921328269032, 0
2652, -0.83097887201628, 0.15921328269032, 0
2653, -0.92098264086075, -0.44394434819807, 0
2654, 0.92098264086075, 0.44394434819807, 0
2655, 0.54007293344479, 0.031420700337208, 0
2656, -0.54007293344479, -0.031420700337208, 0
2657, -0.74246229946724, -0.37221260115292, 0
2658, 0.74246229946724, 0.37221260115292, 0
2659, 0.56414758646538, 0.11406440311604, 0
2660, 0.53997943327708, 0.12360372735647, 0
2661, -0.56414758646538, -0.11406440311604, 0
2662, -0.53997943327708, -0.12360372735647, 0
2663, -0.4270830285954, -0.41632021072542, 0
2664, 0.4270830285954, 0.41632021072542, 0
2665, -0.75791065765047, -0.39591173535798, 0
2666, 0.75791065765047, 0.39591173535798, 0
2667, 0.80400175252511, -0.373878635073, 0
2668, 0.82266894162086, -0.39429013249271, 0
2669, -0.80400175252511, 0.373878635073, 0
2670, -0.82266894162086, 0.39429013249271, 0
2671, 0.56377128293439, -0.048441003978899, 0
2672, -0.56377128293439, 0.048441003978899, 0
2673, 0.34462723496778, 0.2252712829952, 0
2674, -0.34462723496778, -0.2252712829952, 0
2675, 0.92102617086611, -0.41796302558671, 0
2676, 0.92330325041396, -0.38886840063832, 0
2677, -0.92102617086611, 0.41796302558671, 0
2678, -0.92330325041396, 0.38886840063832, 0
2679, 0.92361671026212, -0.44434707746727, 0
2680, -0.92361671026212, 0.44434707746727, 0
2681, 0.26947816452314, 0.064584327437005, 0
2682, -0.26947816452314, -0.064584327437005, 0
2683, 0.25322795413451, -0.14264351056725, 0
2684, 0.22924306798022, -0.13295018747569, 0
2685, -0.25322795413451, 0.14264351056725, 0
2686, -0.22924306798022, 0.13295018747569, 0
2687, 0.94662963234985, 0.42542505455392, 0
2688, -0.94662963234985, -0.42542505455392, 0
2689, -0.29592807746246, 0.018125155083783, 0
2690, 0.29592807746246, -0.018125155083783, 0
2691, 0.5767627430515, 0.14006959571186, 0
2692, -0.5767627430515, -0.14006959571186, 0
2693, -0.55119850643437, -0.16828177976857, 0
2694, -0.55979968304275, -0.19312461012302, 0
2695, 0.55119850643437, 0.16828177976857, 0
2696, 0.55979968304275, 0.19312461012302, 0
2697, 0.15615980939453, 0.15432162222434, 0
2698, -0.15615980939453, -0.15432162222434, 0
2699, 0.94953814051902, -0.42564714640373, 0
2700, -0.94953814051902, 0.42564714640373, 0
2701, 0.15024237603885, -0.39126757815158, 0
2702, -0.15024237603885, 0.39126757815158, 0
2703, -0.43234282937907, -0.078600306260499, 0
2704, 0.43234282937907, 0.078600306260499, 0
2705, 0.27946973524984, -0.00052163637013767, 0
2706, -0.27946973524984, 0.00052163637013768, 0
2707, 0.47015181425493, 0.082725241812364, 0
2708, -0.47015181425493, -0.082725241812364, 0
2709, 0.16016369590704, -0.42075770133027, 0
2710, -0.16016369590704, 0.42075770133027, 0
2711, 0.097523386196688, -0.31564782751204, 0
2712, 0.075553992922499, -0.33492687265831, 0
2713, -0.097523386196688, 0.31564782751204, 0
2714, -0.075553992922499, 0.33492687265831, 0
2715, 0.2669078934114, -0.11942127061384, 0
2716, -0.2669078934114, 0.11942127061384, 0
2717, 0.27596974285003, 0.086954759912395, 0
2718, -0.27596974285003, -0.086954759912395, 0
2719, -0.44708519272458, -0.062060452496305, 0
2720, 0.44708519272458, 0.062060452496305, 0
2721, 0.15695296302116, 0.39384327137192, 0
2722, -0.15695296302116, -0.39384327137192, 0
2723, 0.54476366481995, 0.14880587354229, 0
2724, -0.54476366481995, -0.14880587354229, 0
2725, -0.45540945090942, -0.099265095576558, 0
2726, 0.45540945090942, 0.099265095576558, 0
2727, -0.27534943327011, 0.10074833546597, 0
2728, 0.27534943327011, -0.10074833546597, 0
2729, -0.2580046270476, 0.010606233240334, 0
2730, 0.2580046270476, -0.010606233240334, 0
2731, 0.15184493090019, -0.24651762343693, 0
2732, -0.15184493090019, 0.24651762343693, 0
2733, -0.81579074489961, -0.39628177824251, 0
2734, 0.81579074489961, 0.39628177824251, 0
2735, 0.12375862748427, -0.24135413214603, 0
2736, -0.12375862748427, 0.24135413214603, 0
2737, -0.45165362011764, -0.08115076258485, 0
2738, 0.45165362011764, 0.08115076258485, 0
2739, 0.53557104526933, 0.0084248125917864, 0
2740, -0.53557104526933, -0.0084248125917864, 0
2741, -0.24320739150391, 0.089088097662141, 0
2742, 0.24320739150391, -0.089088097662141, 0
2743, -0.56316452460908, -0.15337585447788, 0
2744, 0.56316452460908, 0.15337585447788, 0
2745, -0.23476585164519, 0.10776103281001, 0
2746, 0.23476585164519, -0.10776103281001, 0
2747, 0.25587727104023, -0.1046791212807, 0
2748, -0.25587727104023, 0.1046791212807, 0